answer,epoch,m,puzzle,"puzzle_date"
ALLEY,1775966400,xx,1758,"2026-04-12"
PRUDE,1775880000,xx,1757,"2026-04-11"
CAROM,1775793600,xx,1756,"2026-04-10"
LADEN,1775707200,xx,1755,"2026-04-09"
INLET,1775620800,xx,1754,"2026-04-08"
DENSE,1775534400,xx,1753,"2026-04-07"
SWORN,1775448000,xx,1752,"2026-04-06"
ENVOY,1775361600,xx,1751,"2026-04-05"
SANDY,1775275200,xx,1750,"2026-04-04"
SINGE,1775188800,xx,1749,"2026-04-03"
SOBER,1775102400,xx,1748,"2026-04-02"
FIZZY,1775016000,xx,1747,"2026-04-01"
SWAMP,1774929600,xx,1746,"2026-03-31"
COMET,1774843200,xx,1745,"2026-03-30"
CHUMP,1774756800,xx,1744,"2026-03-29"
BEFIT,1774555142,xx,1741,"2026-03-26"
AFOOT,1774670400,xx,1743,"2026-03-28"
IVORY,1774584000,xx,1742,"2026-03-27"
WISER,1774411200,xx,1740,"2026-03-25"
BROOD,1774324800,xx,1739,"2026-03-24"
BASIL,1774152000,xx,1737,"2026-03-22"
SLICK,1774065600,xx,1736,"2026-03-21"
OASIS,1773979200,xx,1735,"2026-03-20"
REHAB,1773892800,xx,1734,"2026-03-19"
AMPLY,1773806400,xx,1733,"2026-03-18"
CLASP,1773720000,xx,1732,"2026-03-17"
DRAMA,1773633600,xx,1731,"2026-03-16"
GRADE,1773547200,xx,1730,"2026-03-15"
ANKLE,1773460800,xx,1729,"2026-03-14"
EATEN,1773374400,xx,1728,"2026-03-13"
SMELL,1773288000,xx,1727,"2026-03-12"
TEDDY,1773201600,xx,1726,"2026-03-11"
SHOAL,1773115200,xx,1725,"2026-03-10"
HASTY,1773028800,xx,1724,"2026-03-09"
LOBBY,1772946000,xx,1723,"2026-03-08"
VOGUE,1772859600,xx,1722,"2026-03-07"
GUNKY,1772773200,xx,1721,"2026-03-06"
SHEEP,1772686800,xx,1720,"2026-03-05"
THEFT,1772600400,xx,1719,"2026-03-04"
LINEN,1772514000,xx,1718,"2026-03-03"
SLIME,1772427600,xx,1717,"2026-03-02"
FLUKE,1772341200,xx,1716,"2026-03-01"
HYDRA,1772254800,xx,1715,"2026-02-28"
DIZZY,1772168400,xx,1714,"2026-02-27"
LANCE,1772082000,xx,1713,"2026-02-26"
SHRED,1771995600,xx,1712,"2026-02-25"
BUYER,1771909200,xx,1711,"2026-02-24"
ATTIC,1771822800,xx,1710,"2026-02-23"
GUAVA,1771736400,xx,1709,"2026-02-22"
AWAKE,1771650000,xx,1708,"2026-02-21"
STANK,1771563600,xx,1707,"2026-02-20"
HOIST,1771477200,xx,1706,"2026-02-19"
MOGUL,1771390800,xx,1705,"2026-02-18"
SQUAD,1771304400,xx,1704,"2026-02-17"
ROOST,1771218000,xx,1703,"2026-02-16"
SKULL,1771131600,xx,1702,"2026-02-15"
BLOOM,1771045200,xx,1701,"2026-02-14"
MOOCH,1770958800,xx,1700,"2026-02-13"
SURGE,1770872400,xx,1699,"2026-02-12"
VEGAN,1770786000,xx,1698,"2026-02-11"
SCENE,1770699600,xx,1697,"2026-02-10"
CELLO,1770613200,xx,1696,"2026-02-09"
EMBED,1770526800,xx,1695,"2026-02-08"
BLEAT,1770440400,xx,1694,"2026-02-07"
GAVEL,1770440400,xx,1693,"2026-02-06"
SWOOP,1770267600,xx,1692,"2026-02-05"
CHIDE,1770181200,xx,1691,"2026-02-04"
WEIGH,1770094800,xx,1690,"2026-02-03"
CIGAR,1770008400,xx,1689,"2026-02-02"
SPINY,1769922000,xx,1688,"2026-02-01"
ALLOT,1769835600,xx,1687,"2026-01-31"
JUMBO,1769749200,xx,1686,"2026-01-30"
FLAKY,1769662800,xx,1685,"2026-01-29"
CRUEL,1769576400,xx,1684,"2026-01-28"
DUSKY,1769490000,xx,1683,"2026-01-27"
FREAK,1769403600,xx,1682,"2026-01-26"
STRUT,1769317200,xx,1681,"2026-01-25"
CLIFF,1769230800,xx,1680,"2026-01-24"
BARON,1769144400,xx,1679,"2026-01-23"
CLINK,1769058000,xx,1678,"2026-01-22"
CUBIC,1768971600,xx,1677,"2026-01-21"
SULLY,1768885200,xx,1676,"2026-01-20"
WAXEN,1768798800,xx,1675,"2026-01-19"
SUMAC,1768712400,xx,1674,"2026-01-18"
FIERY,1768626000,xx,1673,"2026-01-17"
RACER,1768539600,xx,1672,"2026-01-16"
CHASM,1768453200,xx,1671,"2026-01-15"
AVOID,1768366800,xx,1670,"2026-01-14"
GUMBO,1768280400,xx,1669,"2026-01-13"
TRIAL,1768194000,xx,1668,"2026-01-12"
QUARK,1768107600,xx,1667,"2026-01-11"
MANIC,1768021200,xx,1666,"2026-01-10"
EIGHT,1767934800,xx,1665,"2026-01-09"
BLAST,1767848400,xx,1664,"2026-01-08"
PECAN,1767762000,xx,1663,"2026-01-07"
OOMPH,1767675600,xx,1662,"2026-01-06"
FILLY,1767589200,xx,1661,"2026-01-05"
POSSE,1767502800,xx,1660,"2026-01-04"
SITAR,1767416400,xx,1659,"2026-01-03"
PROOF,1767330000,xx,1658,"2026-01-02"
FABLE,1767243600,xx,1657,"2026-01-01"
SIREN,1767157200,xx,1656,"2025-12-31"
DECOR,1767070800,xx,1655,"2025-12-30"
FRUIT,1766984400,xx,1654,"2025-12-29"
ABBOT,1766898000,xx,1653,"2025-12-28"
BATCH,1766811600,xx,1652,"2025-12-27"
SPEED,1766725200,xx,1651,"2025-12-26"
PRISM,1766638800,xx,1650,"2025-12-25"
SPOOL,1766552400,xx,1649,"2025-12-24"
GLINT,1766466000,xx,1648,"2025-12-23"
CONCH,1766379600,xx,1647,"2025-12-22"
QUILT,1766293200,xx,1646,"2025-12-21"
WHITE,1766206800,xx,1645,"2025-12-20"
MYRRH,1766120400,xx,1644,"2025-12-19"
RUGBY,1766034000,xx,1643,"2025-12-18"
GRASS,1765947600,xx,1642,"2025-12-17"
SEGUE,1765861200,xx,1641,"2025-12-16"
DODGY,1765774800,xx,1640,"2025-12-15"
SWING,1765688400,xx,1639,"2025-12-14"
MISER,1765602000,xx,1638,"2025-12-13"
GUESS,1765429200,xx,1637,"2025-12-11"
TRUCK,1765515600,xx,1636,"2025-12-12"
ERASE,1765342800,xx,1635,"2025-12-10"
SNIDE,1765256400,xx,1634,"2025-12-09"
GRAVY,1765170000,xx,1633,"2025-12-08"
FLUTE,1765083600,xx,1632,"2025-12-07"
WAIST,1764997200,xx,1631,"2025-12-06"
AMONG,1764910800,xx,1630,"2025-12-05"
TULIP,1764910800,xx,1629,"2025-12-04"
HASTE,1764738000,xx,1628,"2025-12-03"
CACTI,1764651600,xx,1627,"2025-12-02"
LEACH,1764565200,xx,1626,"2025-12-01"
MUGGY,1764478800,xx,1625,"2025-11-30"
GRUFF,1764392400,xx,1624,"2025-11-29"
COLIC,1764306000,xx,1623,"2025-11-28"
REMIT,1764219600,xx,1622,"2025-11-27"
HOVEL,1764133200,xx,1621,"2025-11-26"
PLEAD,1764046800,xx,1620,"2025-11-25"
DOUGH,1763960400,xx,1619,"2025-11-24"
BUNNY,1763874000,xx,1618,"2025-11-23"
THICK,1763787600,xx,1617,"2025-11-22"
VOWEL,1763701200,xx,1616,"2025-11-21"
GRAVE,1763614800,xx,1615,"2025-11-20"
MAKER,1763528400,xx,1614,"2025-11-19"
OPINE,1763442000,xx,1613,"2025-11-18"
CLAMP,1763355600,xx,1612,"2025-11-17"
WIELD,1763269200,xx,1611,"2025-11-16"
CLUNG,1763182800,xx,1610,"2025-11-15"
LURID,1763096400,xx,1609,"2025-11-14"
TINGE,1763010000,xx,1608,"2025-11-13"
DEUCE,1762923600,xx,1607,"2025-11-12"
GIZMO,1762837200,xx,1606,"2025-11-11"
TABBY,1762750800,xx,1605,"2025-11-10"
FUGUE,1762664400,xx,1604,"2025-11-09"
ARISE,1762578000,xx,1603,"2025-11-08"
PERIL,1762491600,xx,1602,"2025-11-07"
GUISE,1762405200,xx,1601,"2025-11-06"
SHORT,1762318800,xx,1600,"2025-11-05"
VENUE,1759550400,xx,1599,"2025-11-04"
AWOKE,1762146000,xx,1598,"2025-11-03"
RABID,1762056000,xx,1597,"2025-11-02"
MOTEL,1761969600,xx,1596,"2025-11-01"
ABHOR,1761883200,xx,1595,"2025-10-31"
LATHE,1761796800,xx,1594,"2025-10-30"
GLARE,1761710400,xx,1593,"2025-10-29"
HOLLY,1761624000,xx,1592,"2025-10-28"
FETID,1761537600,xx,1591,"2025-10-27"
PLUMP,1761451200,xx,1590,"2025-10-26"
GAUGE,1761364800,xx,1589,"2025-10-25"
TUBER,1761278400,xx,1588,"2025-10-24"
DRILL,1761192000,xx,1587,"2025-10-23"
STUNT,1761105600,xx,1586,"2025-10-22"
DETOX,1761019200,xx,1585,"2025-10-21"
LIMBO,1760932800,xx,1584,"2025-10-20"
IDEAL,1760846400,xx,1583,"2025-10-19"
HAVEN,1760760000,xx,1582,"2025-10-18"
GROSS,1760673600,xx,1581,"2025-10-17"
CATTY,1760587200,xx,1580,"2025-10-16"
SPOOF,1760500800,xx,1579,"2025-10-15"
FORUM,1760414400,xx,1578,"2025-10-14"
BEARD,1760328000,xx,1577,"2025-10-13"
WOUND,1760241600,xx,1576,"2025-10-12"
STACK,1760155200,xx,1575,"2025-10-11"
LEVER,1760068800,xx,1574,"2025-10-10"
HARDY,1759982400,xx,1573,"2025-10-9"
ANNOY,1759896000,xx,1572,"2025-10-8"
NYLON,1759809600,xx,1571,"2025-10-7"
AMUSE,1759723200,xx,1570,"2025-10-6"
PLANE,1759636800,xx,1569,"2025-10-5"
RELAY,1759550400,xx,1568,"2025-10-4"
SPASM,1759464000,xx,1567,"2025-10-3"
WIDTH,1759377600,xx,1566,"2025-10-2"
SPOIL,1759291200,xx,1565,"2025-10-1"
GEESE,1759204800,xx,1564,"2025-09-30"
CIVIL,1759118400,xx,1563,"2025-09-29"
GOOEY,1759032000,xx,1562,"2025-09-28"
FRITZ,1758945600,xx,1561,"2025-09-27"
DALLY,1758859200,xx,1560,"2025-09-26"
DRAPE,1758772800,xx,1559,"2025-09-25"
BLUNT,1758686400,xx,1558,"2025-09-24"
MOUTH,1758600000,xx,1557,"2025-09-23"
QUILL,1758513600,xx,1556,"2025-09-22"
COVEN,1758427200,xx,1555,"2025-09-21"
DEFER,1758340800,xx,1554,"2025-09-20"
LATER,1758254400,xx,1553,"2025-09-19"
KNIFE,1758168000,xx,1552,"2025-09-18"
TEETH,1758081600,xx,1551,"2025-09-17"
LEFTY,1757995200,xx,1550,"2025-09-16"
ALONG,1757908800,xx,1549,"2025-09-15"
NOISY,1757822400,xx,1548,"2025-09-14"
NADIR,1757736000,xx,1547,"2025-09-13"
THROB,1757649600,xx,1546,"2025-09-12"
CHAIR,1757563200,xx,1545,"2025-09-11"
POUTY,1757476800,xx,1544,"2025-09-10"
TRICK,1757390400,xx,1543,"2025-09-9"
CHIRP,1757304000,xx,1542,"2025-09-8"
TENOR,1757217600,xx,1541,"2025-09-7"
BULGE,1757131200,xx,1540,"2025-09-6"
DRIFT,1757044800,xx,1539,"2025-09-5"
BLEND,1756958400,xx,1538,"2025-09-4"
FETCH,1756872000,xx,1537,"2025-09-3"
MIGHT,1756785600,xx,1536,"2025-09-2"
LEAST,1756699200,xx,1535,"2025-09-1"
PETAL,1756612800,xx,1534,"2025-08-31"
ELATE,1756526400,xx,1533,"2025-08-30"
GRAFT,1756440000,xx,1532,"2025-08-29"
SPLIT,1756353600,xx,1531,"2025-08-28"
TOWER,1756267200,xx,1530,"2025-08-27"
ANNEX,1756180800,xx,1529,"2025-08-26"
MIRTH,1756094400,xx,1528,"2025-08-25"
SPORE,1756008000,xx,1527,"2025-08-24"
UNION,1755921600,xx,1526,"2025-08-23"
RATTY,1755835200,xx,1525,"2025-08-22"
EXTOL,1755748800,xx,1524,"2025-08-21"
LLAMA,1755662400,xx,1523,"2025-08-20"
ROWDY,1755576000,xx,1522,"2025-08-19"
ISSUE,1755489600,xx,1521,"2025-08-18"
LOUSY,1755403200,xx,1520,"2025-08-17"
MATTE,1755316800,xx,1519,"2025-08-16"
LEVEL,1755230400,xx,1518,"2025-08-15"
KNELL,1755144000,xx,1517,"2025-08-14"
KEFIR,1755057600,xx,1516,"2025-08-13"
NOMAD,1754971200,xx,1515,"2025-08-12"
SOUTH,1754884800,xx,1514,"2025-08-11"
MINTY,1754798400,xx,1513,"2025-08-10"
NASAL,1754712000,xx,1512,"2025-08-9"
IMBUE,1754625600,xx,1511,"2025-08-8"
CORAL,1754539200,xx,1510,"2025-08-7"
GROAN,1754452800,xx,1509,"2025-08-6"
STORK,1754366400,xx,1508,"2025-08-5"
RIGID,1754280000,xx,1507,"2025-08-4"
LUMPY,1754193600,xx,1506,"2025-08-3"
DAUNT,1754107200,xx,1505,"2025-08-2"
BANJO,1754020800,xx,1504,"2025-08-1"
FRILL,1753934400,xx,1503,"2025-07-31"
ASSAY,1753848000,xx,1502,"2025-07-30"
OMEGA,1753761600,xx,1501,"2025-07-29"
SAVVY,1753675200,xx,1500,"2025-07-28"
WHOLE,1753588800,xx,1499,"2025-07-27"
HAUNT,1753502400,xx,1498,"2025-07-26"
GOFER,1753416000,xx,1497,"2025-07-25"
QUAKE,1753329600,xx,1496,"2025-07-24"
WATER,1753243200,xx,1495,"2025-07-23"
BURNT,1753156800,xx,1494,"2025-07-22"
TIZZY,1753070400,xx,1493,"2025-07-21"
BLANK,1752984000,xx,1492,"2025-07-20"
SWORD,1752897600,xx,1491,"2025-07-19"
LORIS,1752811200,xx,1490,"2025-07-18"
MODAL,1752724800,xx,1489,"2025-07-17"
NERVY,1752638400,xx,1488,"2025-07-16"
FOIST,1752552000,xx,1487,"2025-07-15"
UNDID,1752465600,xx,1486,"2025-07-14"
GNOME,1752379200,xx,1485,"2025-07-13"
EXILE,1752292800,xx,1484,"2025-07-12"
BRAND,1752206400,xx,1483,"2025-07-11"
JUMPY,1752120000,xx,1482,"2025-07-10"
NOVEL,1752033600,xx,1481,"2025-07-9"
DREAD,1751947200,xx,1480,"2025-07-8"
STILT,1751860800,xx,1479,"2025-07-7"
ATRIA,1751774400,xx,1478,"2025-07-6"
BALER,1751688000,xx,1477,"2025-07-5"
CURVE,1751601600,xx,1476,"2025-07-4"
POPPY,1751515200,xx,1475,"2025-07-3"
INCUR,1751428800,xx,1474,"2025-07-2"
MOLDY,1751342400,xx,1473,"2025-07-1"
BLINK,1751256000,xx,1472,"2025-06-30"
WITTY,1751169600,xx,1471,"2025-06-29"
STUMP,1751083200,xx,1470,"2025-06-28"
PLAIN,1750996800,xx,1469,"2025-06-27"
OFFER,1750910400,xx,1468,"2025-06-26"
COMFY,1750824000,xx,1467,"2025-06-25"
ELITE,1750737600,xx,1466,"2025-06-24"
ODDLY,1750651200,xx,1465,"2025-06-23"
THRUM,1750564800,xx,1464,"2025-06-22"
GLADE,1750478400,xx,1463,"2025-06-21"
TAUPE,1750392000,xx,1462,"2025-06-20"
CURIO,1750305600,xx,1461,"2025-06-19"
MUNCH,1750219200,xx,1460,"2025-06-18"
PRANK,1750132800,xx,1459,"2025-06-17"
PETTY,1750046400,xx,1458,"2025-06-16"
QUAIL,1749960000,xx,1457,"2025-06-15"
GHOST,1749873600,xx,1456,"2025-06-14"
BILGE,1749787200,xx,1455,"2025-06-13"
VIXEN,1749700800,xx,1454,"2025-06-12"
PLAID,1749614400,xx,1453,"2025-06-11"
TAFFY,1749528000,xx,1452,"2025-06-10"
BOARD,1749441600,xx,1451,"2025-06-9"
LEASE,1749355200,xx,1450,"2025-06-8"
REUSE,1749268800,xx,1449,"2025-06-7"
EDIFY,1749182400,xx,1448,"2025-06-6"
DATUM,1749096000,xx,1447,"2025-06-5"
CEASE,1749009600,xx,1446,"2025-06-4"
ADMIN,1748923200,xx,1445,"2025-06-3"
PREEN,1748836800,xx,1444,"2025-06-2"
ROUGH,1748750400,xx,1443,"2025-06-1"
HABIT,1748664000,xx,1442,"2025-05-31"
IDIOM,1748577600,xx,1441,"2025-05-30"
QUASH,1748491200,xx,1440,"2025-05-29"
POLAR,1748404800,xx,1439,"2025-05-28"
SPORT,1748318400,xx,1438,"2025-05-27"
DRONE,1748232000,xx,1437,"2025-05-26"
GRIFT,1748145600,xx,1436,"2025-05-25"
SUEDE,1748059200,xx,1435,"2025-05-24"
SHUCK,1747972800,xx,1434,"2025-05-23"
FOLIO,1747886400,xx,1433,"2025-05-22"
ALARM,1747800000,xx,1432,"2025-05-21"
BORNE,1747713600,xx,1431,"2025-05-20"
PITCH,1747627200,xx,1430,"2025-05-19"
LIVID,1747540800,xx,1429,"2025-05-18"
GROWN,1747454400,xx,1428,"2025-05-17"
FIFTH,1747368000,xx,1427,"2025-05-16"
EAGER,1747281600,xx,1426,"2025-05-15"
BONGO,1747195200,xx,1425,"2025-05-14"
AWARE,1747108800,xx,1424,"2025-05-13"
BICEP,1747022400,xx,1423,"2025-05-12"
DOWEL,1746936000,xx,1422,"2025-05-11"
YEAST,1746849600,xx,1421,"2025-05-10"
TRIPE,1746763200,xx,1420,"2025-05-9"
BALMY,1746676800,xx,1419,"2025-05-8"
MACHO,1746590400,xx,1418,"2025-05-7"
SUITE,1746504000,xx,1417,"2025-05-6"
SHUSH,1746417600,xx,1416,"2025-05-5"
TROUT,1746331200,xx,1415,"2025-05-4"
PATSY,1746244800,xx,1414,"2025-05-3"
WHOSE,1746158400,xx,1413,"2025-05-2"
ADEPT,1746072000,xx,1412,"2025-05-1"
IDLER,1745985600,xx,1411,"2025-04-30"
BLISS,1745899200,xx,1410,"2025-04-29"
DUMMY,1745812800,xx,1409,"2025-04-28"
WEEDY,1745726400,xx,1408,"2025-04-27"
CLASH,1745640000,xx,1407,"2025-04-26"
KNOWN,1745553600,xx,1406,"2025-04-25"
GENIE,1745467200,xx,1405,"2025-04-24"
OZONE,1745380800,xx,1404,"2025-04-23"
ARTSY,1745294400,xx,1403,"2025-04-22"
SPATE,1745208000,xx,1402,"2025-04-21"
PATCH,1745121600,xx,1401,"2025-04-20"
INBOX,1745035200,xx,1400,"2025-04-19"
DIRGE,1744948800,xx,1399,"2025-04-18"
STOOD,1744862400,xx,1398,"2025-04-17"
MORAL,1744776000,xx,1397,"2025-04-16"
ASHEN,1744689600,xx,1396,"2025-04-15"
CREST,1744603200,xx,1395,"2025-04-14"
LAUGH,1744516800,xx,1394,"2025-04-13"
NURSE,1744430400,xx,1393,"2025-04-12"
ARROW,1744344000,xx,1392,"2025-04-11"
TURBO,1744257600,xx,1391,"2025-04-10"
WHEAT,1744171200,xx,1390,"2025-04-9"
SPARE,1744084800,xx,1389,"2025-04-8"
HAZEL,1743998400,xx,1388,"2025-04-7"
VILLA,1743912000,xx,1387,"2025-04-6"
FOAMY,1743825600,xx,1386,"2025-04-5"
KRILL,1743739200,xx,1385,"2025-04-4"
SHEAR,1743652800,xx,1384,"2025-04-3"
CURSE,1743566400,xx,1383,"2025-04-2"
JEWEL,1743480000,xx,1382,"2025-04-1"
BOOTY,1743393600,xx,1381,"2025-03-31"
QUOTA,1743307200,xx,1380,"2025-03-30"
SORRY,1743220800,xx,1379,"2025-03-29"
VERSE,1743134400,xx,1378,"2025-03-28"
SHEET,1743048000,xx,1377,"2025-03-27"
ELBOW,1742961600,xx,1376,"2025-03-26"
SHELF,1742875200,xx,1375,"2025-03-25"
ANGLE,1742788800,xx,1374,"2025-03-24"
DOPEY,1742702400,xx,1373,"2025-03-23"
AMBLE,1742616000,xx,1372,"2025-03-22"
NUDGE,1742529600,xx,1371,"2025-03-21"
BASTE,1742443200,xx,1370,"2025-03-20"
SPARK,1742356800,xx,1369,"2025-03-19"
TIMER,1742270400,xx,1368,"2025-03-18"
LASSO,1742184000,xx,1367,"2025-03-17"
STAMP,1742097600,xx,1366,"2025-03-16"
LADLE,1742011200,xx,1365,"2025-03-15"
PIECE,1741924800,xx,1364,"2025-03-14"
CHASE,1741838400,xx,1363,"2025-03-13"
MANGO,1741752000,xx,1362,"2025-03-12"
TRACK,1741665600,xx,1361,"2025-03-11"
SPITE,1741579200,xx,1360,"2025-03-10"
GREED,1741496400,xx,1359,"2025-03-9"
NAVEL,1741410000,xx,1358,"2025-03-8"
TROOP,1741323600,xx,1357,"2025-03-7"
ALERT,1741237200,xx,1356,"2025-03-6"
SCRUM,1741150800,xx,1355,"2025-03-5"
CHECK,1741064400,xx,1354,"2025-03-4"
SPEAR,1740978000,xx,1353,"2025-03-3"
DEITY,1740891600,xx,1352,"2025-03-2"
HOVER,1740805200,xx,1351,"2025-03-1"
FUZZY,1740718800,xx,1350,"2025-02-28"
LODGE,1740632400,xx,1349,"2025-02-27"
AWARD,1740546000,xx,1348,"2025-02-26"
DRYER,1740459600,xx,1347,"2025-02-25"
GLAND,1740373200,xx,1346,"2025-02-24"
OTTER,1740286800,xx,1345,"2025-02-23"
CREAM,1740200400,xx,1344,"2025-02-22"
CLOVE,1740114000,xx,1343,"2025-02-21"
ROACH,1740027600,xx,1342,"2025-02-20"
MADLY,1739941200,xx,1341,"2025-02-19"
INDIE,1739854800,xx,1340,"2025-02-18"
TRAIL,1739768400,xx,1339,"2025-02-17"
SUAVE,1739682000,xx,1338,"2025-02-16"
CROOK,1739595600,xx,1337,"2025-02-15"
DITTY,1739509200,xx,1336,"2025-02-14"
RUMBA,1739422800,xx,1335,"2025-02-13"
RAPID,1739336400,xx,1334,"2025-02-12"
SCORE,1739250000,xx,1333,"2025-02-11"
GOODY,1739163600,xx,1332,"2025-02-10"
BONUS,1739077200,xx,1331,"2025-02-9"
STEEP,1738990800,xx,1330,"2025-02-8"
SWATH,1738990800,xx,1329,"2025-02-8"
PUPIL,1738818000,xx,1328,"2025-02-6"
PEDAL,1738731600,xx,1327,"2025-02-5"
TOOTH,1738645200,xx,1326,"2025-02-4"
REVUE,1738558800,xx,1325,"2025-02-3"
CHORE,1738472400,xx,1324,"2025-02-2"
RIVET,1738386000,xx,1323,"2025-02-1"
TOAST,1738299600,xx,1322,"2025-01-31"
FALSE,1738213200,xx,1321,"2025-01-30"
UDDER,1738126800,xx,1320,"2025-01-29"
FEVER,1738040400,xx,1319,"2025-01-28"
SHUNT,1737954000,xx,1318,"2025-01-27"
SUNNY,1737867600,xx,1317,"2025-01-26"
CRISP,1737781200,xx,1316,"2025-01-25"
CREPE,1737694800,xx,1315,"2025-01-24"
UPPER,1737608400,xx,1314,"2025-01-23"
REACH,1737522000,xx,1313,"2025-01-22"
ICING,1737435600,xx,1312,"2025-01-21"
SQUID,1737349200,xx,1311,"2025-01-20"
ROWER,1737262800,xx,1310,"2025-01-19"
SILLY,1737176400,xx,1309,"2025-01-18"
PROSE,1737090000,xx,1308,"2025-01-17"
FLINT,1737003600,xx,1307,"2025-01-16"
KNACK,1736917200,xx,1306,"2025-01-15"
FANCY,1736830800,xx,1305,"2025-01-14"
CLOAK,1736744400,xx,1304,"2025-01-13"
TOTAL,1736658000,xx,1303,"2025-01-12"
DINGY,1736571600,xx,1302,"2025-01-11"
CRAWL,1736485200,xx,1301,"2025-01-10"
WAFER,1736398800,xx,1300,"2025-01-9"
DRAFT,1736312400,xx,1299,"2025-01-8"
ATLAS,1736226000,xx,1298,"2025-01-7"
SPRIG,1736139600,xx,1297,"2025-01-6"
CYBER,1736053200,xx,1296,"2025-01-5"
RELAX,1735966800,xx,1295,"2025-01-4"
CHEAP,1735880400,xx,1294,"2025-01-3"
CHOSE,1735794000,xx,1293,"2025-01-2"
NERVE,1735707600,xx,1292,"2025-01-1"
LEMUR,1735621200,xx,1291,"2024-12-31"
STARE,1735534800,xx,1290,"2024-12-30"
MAMBO,1735448400,xx,1289,"2024-12-29"
DECRY,1735362000,xx,1288,"2024-12-28"
GRAIN,1735275600,xx,1287,"2024-12-27"
AFFIX,1735189200,xx,1286,"2024-12-26"
SHARE,1735102800,xx,1285,"2024-12-25"
EAGLE,1735016400,xx,1284,"2024-12-24"
SAUNA,1734930000,xx,1283,"2024-12-23"
BRAWN,1734843600,xx,1282,"2024-12-22"
BLADE,1734757200,xx,1281,"2024-12-21"
FLASH,1734670800,xx,1280,"2024-12-20"
STRAY,1734584400,xx,1279,"2024-12-19"
HEFTY,1734498000,xx,1278,"2024-12-18"
SCOWL,1734411600,xx,1277,"2024-12-17"
BOAST,1734325200,xx,1276,"2024-12-16"
FUNKY,1734238800,xx,1275,"2024-12-15"
DROOL,1734152400,xx,1274,"2024-12-14"
BOXER,1734066000,xx,1273,"2024-12-13"
VYING,1733979600,xx,1272,"2024-12-12"
PLUMB,1733893200,xx,1271,"2024-12-11"
PATIO,1733806800,xx,1270,"2024-12-10"
FLUNG,1733720400,xx,1269,"2024-12-9"
HYENA,1733634000,xx,1268,"2024-12-8"
HILLY,1733547600,xx,1267,"2024-12-7"
SHOVE,1733461200,xx,1266,"2024-12-6"
ENDOW,1733374800,xx,1265,"2024-12-5"
CRYPT,1733288400,xx,1264,"2024-12-4"
SHAKY,1733202000,xx,1263,"2024-12-3"
GUILE,1733115600,xx,1262,"2024-12-2"
MAUVE,1733029200,xx,1261,"2024-12-1"
DOGMA,1732942800,xx,1260,"2024-11-30"
HIPPO,1732856400,xx,1259,"2024-11-29"
CHOCK,1732770000,xx,1258,"2024-11-28"
SLANG,1732683600,xx,1257,"2024-11-27"
WITCH,1732597200,xx,1256,"2024-11-26"
BROWN,1732510800,xx,1255,"2024-11-25"
TWIST,1732424400,xx,1254,"2024-11-24"
JELLY,1732338000,xx,1253,"2024-11-23"
PEARL,1732251600,xx,1252,"2024-11-22"
SPINE,1732165200,xx,1251,"2024-11-21"
NICHE,1732078800,xx,1250,"2024-11-20"
GOING,1731992400,xx,1249,"2024-11-19"
FRAIL,1731906000,xx,1248,"2024-11-18"
TALLY,1731819600,xx,1247,"2024-11-17"
VISOR,1731733200,xx,1246,"2024-11-16"
TACKY,1731646800,xx,1245,"2024-11-15"
UVULA,1731560400,xx,1244,"2024-11-14"
PRIMP,1731474000,xx,1243,"2024-11-13"
FLOWN,1731387600,xx,1242,"2024-11-12"
STOIC,1731301200,xx,1241,"2024-11-11"
INNER,1731214800,xx,1240,"2024-11-10"
SWELL,1731128400,xx,1239,"2024-11-9"
READY,1731042000,xx,1238,"2024-11-8"
EVENT,1730955600,xx,1237,"2024-11-7"
TRULY,1730869200,xx,1236,"2024-11-6"
OCTET,1730782800,xx,1235,"2024-11-5"
VINYL,1730696400,xx,1234,"2024-11-4"
BLAZE,1730606400,xx,1233,"2024-11-3"
SNOOP,1730520000,xx,1232,"2024-11-2"
SIXTH,1730433600,xx,1231,"2024-11-1"
WEIRD,1730347200,xx,1230,"2024-10-31"
EASEL,1730260800,xx,1229,"2024-10-30"
TUNIC,1730174400,xx,1228,"2024-10-29"
BAWDY,1730088000,xx,1227,"2024-10-28"
SANDY,1730001600,xx,1226,"2024-10-27"
WREAK,1729915200,xx,1225,"2024-10-26"
FROWN,1729828800,xx,1224,"2024-10-25"
BOSSY,1729742400,xx,1223,"2024-10-24"
GOOFY,1729656000,xx,1222,"2024-10-23"
SHOUT,1729569600,xx,1221,"2024-10-22"
SPOON,1729483200,xx,1220,"2024-10-21"
DICEY,1729396800,xx,1219,"2024-10-20"
FIBER,1729310400,xx,1218,"2024-10-19"
STINT,1729224000,xx,1217,"2024-10-18"
HALVE,1729137600,xx,1216,"2024-10-17"
GRANT,1729051200,xx,1215,"2024-10-16"
CORER,1728964800,xx,1214,"2024-10-15"
GAMUT,1728878400,xx,1213,"2024-10-14"
PRONE,1728792000,xx,1212,"2024-10-13"
STAIN,1728705600,xx,1211,"2024-10-12"
GUSTY,1728619200,xx,1210,"2024-10-11"
CARVE,1728532800,xx,1209,"2024-10-10"
MOMMY,1728446400,xx,1208,"2024-10-9"
JOINT,1728360000,xx,1207,"2024-10-8"
FLOUR,1728273600,xx,1206,"2024-10-7"
LAGER,1728187200,xx,1205,"2024-10-6"
MINER,1728100800,xx,1204,"2024-10-5"
TITLE,1728014400,xx,1203,"2024-10-4"
WAGON,1727928000,xx,1202,"2024-10-3"
SHELL,1727841600,xx,1201,"2024-10-2"
MODEM,1727755200,xx,1200,"2024-10-1"
CLOUD,1727668800,xx,1199,"2024-09-30"
RIDER,1727582400,xx,1198,"2024-09-29"
BRAIN,1727496000,xx,1197,"2024-09-28"
FAITH,1727409600,xx,1196,"2024-09-27"
THANK,1727323200,xx,1195,"2024-09-26"
TORCH,1727236800,xx,1194,"2024-09-25"
HANDY,1727150400,xx,1193,"2024-09-24"
STEAM,1727064000,xx,1192,"2024-09-23"
TEACH,1726977600,xx,1191,"2024-09-22"
SEVEN,1726891200,xx,1190,"2024-09-21"
SMOKE,1726804800,xx,1189,"2024-09-20"
PRESS,1726718400,xx,1188,"2024-09-19"
FULLY,1726632000,xx,1187,"2024-09-18"
BEAUT,1726545600,xx,1186,"2024-09-17"
HONEY,1726459200,xx,1185,"2024-09-16"
RECUR,1726372800,xx,1184,"2024-09-15"
BROAD,1726286400,xx,1183,"2024-09-14"
HARSH,1726200000,xx,1182,"2024-09-13"
BRASS,1726113600,xx,1181,"2024-09-12"
AISLE,1726027200,xx,1180,"2024-09-11"
REBEL,1725940800,xx,1179,"2024-09-10"
DEBIT,1725854400,xx,1178,"2024-09-9"
DRAWN,1725768000,xx,1177,"2024-09-8"
OWNER,1725681600,xx,1176,"2024-09-7"
RERUN,1725595200,xx,1175,"2024-09-6"
WIDEN,1725508800,xx,1174,"2024-09-5"
STERN,1725422400,xx,1173,"2024-09-4"
FAINT,1725336000,xx,1172,"2024-09-3"
CAMEL,1725249600,xx,1171,"2024-09-2"
MUSHY,1725163200,xx,1170,"2024-09-1"
SPOUT,1725076800,xx,1169,"2024-08-31"
KNAVE,1724990400,xx,1168,"2024-08-30"
FLUNK,1724904000,xx,1167,"2024-08-29"
LITHE,1724817600,xx,1166,"2024-08-28"
CROWN,1724731200,xx,1165,"2024-08-27"
STAKE,1724644800,xx,1164,"2024-08-26"
SKATE,1724558400,xx,1163,"2024-08-25"
FILET,1724472000,xx,1162,"2024-08-24"
LEECH,1724385600,xx,1161,"2024-08-23"
BRUTE,1724299200,xx,1160,"2024-08-22"
MULCH,1724212800,xx,1159,"2024-08-21"
DELAY,1724126400,xx,1158,"2024-08-20"
METER,1724040000,xx,1157,"2024-08-19"
LANKY,1723953600,xx,1156,"2024-08-18"
STORM,1723867200,xx,1155,"2024-08-17"
BRACE,1723780800,xx,1154,"2024-08-16"
ACORN,1723694400,xx,1153,"2024-08-15"
SHORE,1723608000,xx,1152,"2024-08-14"
NEIGH,1723521600,xx,1151,"2024-08-13"
SKIFF,1723435200,xx,1150,"2024-08-12"
SCONE,1723348800,xx,1149,"2024-08-11"
MEDIC,1723262400,xx,1148,"2024-08-10"
OUNCE,1723176000,xx,1147,"2024-08-9"
SAUCY,1723089600,xx,1146,"2024-08-8"
MACAW,1723003200,xx,1145,"2024-08-7"
ANVIL,1722916800,xx,1144,"2024-08-6"
ENSUE,1722830400,xx,1143,"2024-08-5"
LOWER,1722744000,xx,1142,"2024-08-4"
SCALE,1722657600,xx,1141,"2024-08-3"
FLAKE,1722571200,xx,1140,"2024-08-2"
CHALK,1722484800,xx,1139,"2024-08-1"
PENNE,1722398400,xx,1138,"2024-07-31"
FERAL,1722312000,xx,1137,"2024-07-30"
SUPER,1722225600,xx,1136,"2024-07-29"
SMOCK,1722139200,xx,1135,"2024-07-28"
JUICE,1722052800,xx,1134,"2024-07-27"
AWASH,1721966400,xx,1133,"2024-07-26"
PORCH,1721880000,xx,1132,"2024-07-25"
FORTE,1721793600,xx,1131,"2024-07-24"
PRONG,1721707200,xx,1130,"2024-07-23"
CADET,1721620800,xx,1129,"2024-07-22"
SPECK,1721534400,xx,1128,"2024-07-21"
SHAFT,1721448000,xx,1127,"2024-07-20"
REFER,1721361600,xx,1126,"2024-07-19"
NERDY,1721275200,xx,1125,"2024-07-18"
QUITE,1721188800,xx,1124,"2024-07-17"
DECOY,1721102400,xx,1123,"2024-07-16"
SWOON,1721016000,xx,1122,"2024-07-15"
VIDEO,1720929600,xx,1121,"2024-07-14"
ENACT,1720843200,xx,1120,"2024-07-13"
JIFFY,1720756800,xx,1119,"2024-07-12"
CAMEO,1720670400,xx,1118,"2024-07-11"
GAUNT,1720584000,xx,1117,"2024-07-10"
BLARE,1720497600,xx,1116,"2024-07-9"
SHAPE,1720411200,xx,1115,"2024-07-8"
CANON,1720324800,xx,1114,"2024-07-7"
SCOFF,1720238400,xx,1113,"2024-07-6"
CRUSH,1720152000,xx,1112,"2024-07-5"
DEBUT,1720065600,xx,1111,"2024-07-4"
THIGH,1719979200,xx,1110,"2024-07-3"
INLAY,1719892800,xx,1109,"2024-07-2"
ADAGE,1719806400,xx,1108,"2024-07-1"
BUDDY,1719720000,xx,1107,"2024-06-30"
ZEBRA,1719633600,xx,1106,"2024-06-29"
DROVE,1719547200,xx,1105,"2024-06-28"
ORDER,1719460800,xx,1104,"2024-06-27"
KNEAD,1719374400,xx,1103,"2024-06-26"
SAVOR,1719288000,xx,1102,"2024-06-25"
DOLLY,1719201600,xx,1101,"2024-06-24"
BUGLE,1719115200,xx,1100,"2024-06-23"
EDICT,1719028800,xx,1099,"2024-06-22"
PAINT,1718942400,xx,1098,"2024-06-21"
SCENT,1718856000,xx,1097,"2024-06-20"
TERSE,1718769600,xx,1096,"2024-06-19"
COVER,1718683200,xx,1095,"2024-06-18"
PRIOR,1718596800,xx,1094,"2024-06-17"
GRIND,1718510400,xx,1093,"2024-06-16"
PROUD,1718424000,xx,1092,"2024-06-15"
VAULT,1718337600,xx,1091,"2024-06-14"
ANGST,1718251200,xx,1090,"2024-06-13"
DETER,1718164800,xx,1089,"2024-06-12"
SWUNG,1718078400,xx,1088,"2024-06-11"
MANGA,1717992000,xx,1087,"2024-06-10"
CROWD,1717905600,xx,1086,"2024-06-9"
HENCE,1717819200,xx,1085,"2024-06-8"
MELON,1717732800,xx,1084,"2024-06-7"
ETHER,1717646400,xx,1083,"2024-06-6"
ORGAN,1717560000,xx,1082,"2024-06-5"
GROOM,1717473600,xx,1081,"2024-06-4"
STARK,1717387200,xx,1080,"2024-06-3"
BRAVO,1717300800,xx,1079,"2024-06-2"
BASIN,1717214400,xx,1078,"2024-06-1"
CHAOS,1717128000,xx,1077,"2024-05-31"
GUMMY,1717041600,xx,1076,"2024-05-30"
PAPAL,1716955200,xx,1075,"2024-05-29"
MINUS,1716868800,xx,1074,"2024-05-28"
SKIER,1716782400,xx,1073,"2024-05-27"
BEVEL,1716696000,xx,1072,"2024-05-26"
TITAN,1716609600,xx,1071,"2024-05-25"
GLIDE,1716523200,xx,1070,"2024-05-24"
SWISH,1716436800,xx,1069,"2024-05-23"
EXALT,1716350400,xx,1068,"2024-05-22"
DINGO,1716264000,xx,1067,"2024-05-21"
NICER,1716177600,xx,1066,"2024-05-20"
HITCH,1716091200,xx,1065,"2024-05-19"
BRINY,1716004800,xx,1064,"2024-05-18"
TUTOR,1715918400,xx,1063,"2024-05-17"
STALL,1715832000,xx,1062,"2024-05-16"
PINCH,1715745600,xx,1061,"2024-05-15"
AMASS,1715659200,xx,1060,"2024-05-14"
CUMIN,1715572800,xx,1059,"2024-05-13"
OUTER,1715486400,xx,1058,"2024-05-12"
TIDAL,1715400000,xx,1057,"2024-05-11"
MEDIA,1715313600,xx,1056,"2024-05-10"
JERKY,1715227200,xx,1055,"2024-05-9"
PIOUS,1715140800,xx,1054,"2024-05-8"
MUSTY,1715054400,xx,1053,"2024-05-7"
SHAVE,1714968000,xx,1052,"2024-05-6"
DECAL,1714881600,xx,1051,"2024-05-5"
VALUE,1714795200,xx,1050,"2024-05-4"
EBONY,1714708800,xx,1049,"2024-05-3"
SLICE,1714622400,xx,1048,"2024-05-2"
DIARY,1714536000,xx,1047,"2024-05-1"
PROWL,1714449600,xx,1046,"2024-04-30"
CRAFT,1714363200,xx,1045,"2024-04-29"
PRUNE,1714276800,xx,1044,"2024-04-28"
GLEAM,1714190400,xx,1043,"2024-04-27"
VAPID,1714104000,xx,1042,"2024-04-26"
INTRO,1714017600,xx,1041,"2024-04-25"
OVERT,1713931200,xx,1040,"2024-04-24"
ROVER,1713844800,xx,1039,"2024-04-23"
LASER,1713758400,xx,1038,"2024-04-22"
JOLLY,1713672000,xx,1037,"2024-04-21"
LUCID,1713585600,xx,1036,"2024-04-20"
RAISE,1713499200,xx,1035,"2024-04-19"
FACET,1713412800,xx,1034,"2024-04-18"
TITHE,1713326400,xx,1033,"2024-04-17"
SHANK,1713240000,xx,1032,"2024-04-16"
EQUIP,1713153600,xx,1031,"2024-04-15"
BLIMP,1713067200,xx,1030,"2024-04-14"
STEEL,1712980800,xx,1029,"2024-04-13"
WHINY,1712894400,xx,1028,"2024-04-12"
LOUSE,1712808000,xx,1027,"2024-04-11"
BROTH,1712721600,xx,1026,"2024-04-10"
MERGE,1712635200,xx,1025,"2024-04-9"
BREED,1712548800,xx,1024,"2024-04-8"
VOILA,1712462400,xx,1023,"2024-04-7"
FINCH,1712376000,xx,1022,"2024-04-6"
WRIST,1712289600,xx,1021,"2024-04-5"
CLIMB,1712203200,xx,1020,"2024-04-4"
PLAIT,1712116800,xx,1019,"2024-04-3"
SERUM,1712030400,xx,1018,"2024-04-2"
FROND,1711944000,xx,1017,"2024-04-1"
TABOO,1711857600,xx,1016,"2024-03-31"
FORCE,1711771200,xx,1015,"2024-03-30"
REALM,1711684800,xx,1014,"2024-03-29"
SPEAK,1711598400,xx,1013,"2024-03-28"
STUNG,1711512000,xx,1012,"2024-03-27"
MAYOR,1711425600,xx,1011,"2024-03-26"
SALLY,1711339200,xx,1010,"2024-03-25"
TOWEL,1711252800,xx,1009,"2024-03-24"
RISEN,1711166400,xx,1008,"2024-03-23"
DECAY,1711080000,xx,1007,"2024-03-22"
SHADE,1710993600,xx,1006,"2024-03-21"
LINGO,1710907200,xx,1005,"2024-03-20"
ABIDE,1710820800,xx,1004,"2024-03-19"
SPELT,1710734400,xx,1003,"2024-03-18"
SNORT,1710648000,xx,1002,"2024-03-17"
TOXIN,1710561600,xx,1001,"2024-03-16"
ERUPT,1710475200,xx,1000,"2024-03-15"
SINCE,1710388800,xx,999,"2024-03-14"
LOCAL,1710302400,xx,998,"2024-03-13"
HEAVE,1710216000,xx,997,"2024-03-12"
PESKY,1710129600,xx,996,"2024-03-11"
GRASP,1710046800,xx,995,"2024-03-10"
CHEER,1709960400,xx,994,"2024-03-9"
EARLY,1709874000,xx,993,"2024-03-8"
CLONE,1709787600,xx,992,"2024-03-7"
TEARY,1709701200,xx,991,"2024-03-6"
HUNCH,1709614800,xx,990,"2024-03-5"
FLAME,1709528400,xx,989,"2024-03-4"
STATE,1709442000,xx,988,"2024-03-3"
URBAN,1709355600,xx,987,"2024-03-2"
FORTY,1709269200,xx,986,"2024-03-1"
IMAGE,1709182800,xx,985,"2024-02-29"
DEVIL,1709096400,xx,984,"2024-02-28"
SENSE,1709010000,xx,983,"2024-02-27"
OFTEN,1708923600,xx,982,"2024-02-26"
SMITH,1708837200,xx,981,"2024-02-25"
PIPER,1708750800,xx,980,"2024-02-24"
APART,1708664400,xx,979,"2024-02-23"
HEAVY,1708578000,xx,978,"2024-02-22"
BUILD,1708491600,xx,977,"2024-02-21"
MATCH,1708405200,xx,976,"2024-02-20"
PRICE,1708318800,xx,975,"2024-02-19"
RIDGE,1708232400,xx,974,"2024-02-18"
PSALM,1708146000,xx,973,"2024-02-17"
STASH,1708059600,xx,972,"2024-02-16"
ASCOT,1707973200,xx,971,"2024-02-15"
TALON,1707886800,xx,970,"2024-02-14"
SCRAM,1707800400,xx,969,"2024-02-13"
PASTA,1707714000,xx,968,"2024-02-12"
NEVER,1707627600,xx,967,"2024-02-11"
FRIED,1707541200,xx,966,"2024-02-10"
STIFF,1707454800,xx,965,"2024-02-9"
PLACE,1707368400,xx,964,"2024-02-8"
AFTER,1707282000,xx,963,"2024-02-7"
WHICH,1707195600,xx,962,"2024-02-6"
REPEL,1707109200,xx,961,"2024-02-5"
VERGE,1707022800,xx,960,"2024-02-4"
MICRO,1706936400,xx,959,"2024-02-3"
CLEFT,1706850000,xx,958,"2024-02-2"
ALIVE,1706763600,xx,957,"2024-02-1"
BULKY,1706677200,xx,956,"2024-01-31"
EXPEL,1706590800,xx,955,"2024-01-30"
LEGGY,1706504400,xx,954,"2024-01-29"
EMBER,1706418000,xx,953,"2024-01-28"
SNAKE,1706331600,xx,952,"2024-01-27"
ALOOF,1706245200,xx,951,"2024-01-26"
BLOCK,1706158800,xx,950,"2024-01-25"
RELIC,1706072400,xx,949,"2024-01-24"
STILL,1705986000,xx,948,"2024-01-23"
TWEAK,1705899600,xx,947,"2024-01-22"
NORTH,1705813200,xx,946,"2024-01-21"
LARGE,1705726800,xx,945,"2024-01-20"
THING,1705640400,xx,944,"2024-01-19"
STOLE,1705554000,xx,943,"2024-01-18"
COURT,1705467600,xx,942,"2024-01-17"
BLOND,1705381200,xx,941,"2024-01-16"
LUNCH,1705294800,xx,940,"2024-01-15"
DOING,1705208400,xx,939,"2024-01-14"
HEARD,1705122000,xx,938,"2024-01-13"
ROUTE,1705035600,xx,937,"2024-01-12"
BRIEF,1704949200,xx,936,"2024-01-11"
THREW,1704862800,xx,935,"2024-01-10"
LINER,1704776400,xx,934,"2024-01-9"
FINAL,1704690000,xx,933,"2024-01-8"
STONY,1704603600,xx,932,"2024-01-7"
CABLE,1704517200,xx,931,"2024-01-6"
LUNGE,1704430800,xx,930,"2024-01-5"
SCANT,1704344400,xx,929,"2024-01-4"
TWIRL,1704258000,xx,928,"2024-01-3"
AGING,1704171600,xx,927,"2024-01-2"
MURAL,1704085200,xx,926,"2024-01-1"
SALTY,1703998800,xx,925,"2023-12-31"
THREE,1703912400,xx,924,"2023-12-30"
CHILD,1703826000,xx,923,"2023-12-29"
LEARN,1703739600,xx,922,"2023-12-28"
DAISY,1703653200,xx,921,"2023-12-27"
PHONE,1703566800,xx,920,"2023-12-26"
EVOKE,1703480400,xx,919,"2023-12-25"
GRACE,1703394000,xx,918,"2023-12-24"
SLOPE,1703307600,xx,917,"2023-12-23"
TOUCH,1703221200,xx,916,"2023-12-22"
BUILT,1703134800,xx,915,"2023-12-21"
SMALL,1703048400,xx,914,"2023-12-20"
TABLE,1702962000,xx,913,"2023-12-19"
FUNNY,1702875600,xx,912,"2023-12-18"
BACON,1702789200,xx,911,"2023-12-17"
GLOBE,1702702800,xx,910,"2023-12-16"
TOPIC,1702616400,xx,909,"2023-12-15"
WOULD,1702530000,xx,908,"2023-12-14"
SPENT,1702443600,xx,907,"2023-12-13"
THESE,1702357200,xx,906,"2023-12-12"
HOUSE,1702270800,xx,905,"2023-12-11"
CHAIN,1702184400,xx,904,"2023-12-10"
SHIFT,1702098000,xx,903,"2023-12-9"
SHARP,1702011600,xx,902,"2023-12-8"
SLEEP,1701925200,xx,901,"2023-12-7"
WOMAN,1701838800,xx,900,"2023-12-6"
YOUNG,1701752400,xx,899,"2023-12-5"
WORST,1701666000,xx,898,"2023-12-4"
ADAPT,1701579600,xx,897,"2023-12-3"
GENRE,1701493200,xx,896,"2023-12-2"
TAKEN,1701406800,xx,895,"2023-12-1"
RESIN,1701320400,xx,894,"2023-11-30"
SUSHI,1701234000,xx,893,"2023-11-29"
SCOPE,1701147600,xx,892,"2023-11-28"
TAWNY,1701061200,xx,891,"2023-11-27"
SOLID,1700974800,xx,890,"2023-11-26"
GUIDE,1700888400,xx,889,"2023-11-25"
THROW,1700802000,xx,888,"2023-11-24"
QUEEN,1700715600,xx,887,"2023-11-23"
PIXEL,1700629200,xx,886,"2023-11-22"
PIANO,1700542800,xx,885,"2023-11-21"
CANDY,1700456400,xx,884,"2023-11-20"
QUEUE,1700370000,xx,883,"2023-11-19"
THINK,1700283600,xx,882,"2023-11-18"
TARDY,1700197200,xx,881,"2023-11-17"
TRUST,1700110800,xx,880,"2023-11-16"
SIGHT,1700024400,xx,879,"2023-11-15"
SASSY,1699938000,xx,878,"2023-11-14"
GREEN,1699851600,xx,877,"2023-11-13"
MEANT,1699765200,xx,876,"2023-11-12"
ACTOR,1699678800,xx,875,"2023-11-11"
LEASH,1699592400,xx,874,"2023-11-10"
GLAZE,1699506000,xx,873,"2023-11-9"
NINJA,1699419600,xx,872,"2023-11-8"
LIMIT,1699333200,xx,871,"2023-11-7"
TRADE,1699246800,xx,870,"2023-11-6"
FLARE,1699156800,xx,869,"2023-11-5"
MANIA,1699070400,xx,868,"2023-11-4"
ARDOR,1698984000,xx,867,"2023-11-3"
UNTIL,1698897600,xx,866,"2023-11-2"
NOISE,1698811200,xx,865,"2023-11-1"
BLEAK,1698724800,xx,864,"2023-10-31"
GRAIL,1698638400,xx,863,"2023-10-30"
PHONY,1698552000,xx,862,"2023-10-29"
MASON,1698465600,xx,861,"2023-10-28"
NOBLE,1698379200,xx,860,"2023-10-27"
PIQUE,1698292800,xx,859,"2023-10-26"
RETRY,1698206400,xx,858,"2023-10-25"
CAUSE,1698120000,xx,857,"2023-10-24"
TEMPO,1698033600,xx,856,"2023-10-23"
GIVEN,1697947200,xx,855,"2023-10-22"
SMIRK,1697860800,xx,854,"2023-10-21"
OCCUR,1697774400,xx,853,"2023-10-20"
SPLAT,1697688000,xx,852,"2023-10-19"
MERCY,1697601600,xx,851,"2023-10-18"
ADULT,1697515200,xx,850,"2023-10-17"
GRAPH,1697428800,xx,849,"2023-10-16"
LEAKY,1697342400,xx,848,"2023-10-15"
AGENT,1697256000,xx,847,"2023-10-14"
UNCLE,1697169600,xx,846,"2023-10-13"
KNELT,1697083200,xx,845,"2023-10-12"
SKUNK,1696996800,xx,844,"2023-10-11"
SNAIL,1696910400,xx,843,"2023-10-10"
TRUTH,1696824000,xx,842,"2023-10-9"
BINGE,1696737600,xx,841,"2023-10-8"
VIOLA,1696651200,xx,840,"2023-10-7"
CHIME,1696564800,xx,839,"2023-10-6"
BUNCH,1696478400,xx,838,"2023-10-5"
SPURT,1696392000,xx,837,"2023-10-4"
WHILE,1696305600,xx,836,"2023-10-3"
MERRY,1696219200,xx,835,"2023-10-2"
BERET,1696132800,xx,834,"2023-10-1"
DADDY,1696046400,xx,833,"2023-09-30"
AZURE,1695960000,xx,832,"2023-09-29"
COACH,1695873600,xx,831,"2023-09-28"
SMILE,1695787200,xx,830,"2023-09-27"
LOYAL,1695700800,xx,829,"2023-09-26"
ROCKY,1695614400,xx,828,"2023-09-25"
RIGHT,1695528000,xx,827,"2023-09-24"
CAROL,1695441600,xx,826,"2023-09-23"
BRUSH,1695355200,xx,825,"2023-09-22"
STONE,1695268800,xx,824,"2023-09-21"
SNARE,1695182400,xx,823,"2023-09-20"
CLOSE,1695096000,xx,822,"2023-09-19"
FRANK,1695009600,xx,821,"2023-09-18"
MUSIC,1694923200,xx,820,"2023-09-17"
ANGEL,1694836800,xx,819,"2023-09-16"
EXERT,1694750400,xx,818,"2023-09-15"
RAYON,1694664000,xx,817,"2023-09-14"
CLEAR,1694577600,xx,816,"2023-09-13"
WHISK,1694491200,xx,815,"2023-09-12"
OLDER,1694404800,xx,814,"2023-09-11"
QUOTE,1694318400,xx,813,"2023-09-10"
LUCKY,1694232000,xx,812,"2023-09-9"
ROUSE,1694145600,xx,811,"2023-09-8"
DWELL,1694059200,xx,810,"2023-09-7"
GNASH,1693972800,xx,809,"2023-09-6"
BIRCH,1693886400,xx,808,"2023-09-5"
GIDDY,1693800000,xx,807,"2023-09-4"
AWAIT,1693713600,xx,806,"2023-09-3"
ONION,1693627200,xx,805,"2023-09-2"
SPACE,1693540800,xx,804,"2023-09-1"
BRIDE,1693454400,xx,803,"2023-08-31"
AUDIO,1693368000,xx,802,"2023-08-30"
CAPER,1693281600,xx,801,"2023-08-29"
WRITE,1693195200,xx,800,"2023-08-28"
PEACE,1693108800,xx,799,"2023-08-27"
CHOIR,1693022400,xx,798,"2023-08-26"
OCEAN,1692936000,xx,797,"2023-08-25"
WORDY,1692849600,xx,796,"2023-08-24"
VERVE,1692763200,xx,795,"2023-08-23"
SPICE,1692676800,xx,794,"2023-08-22"
BEACH,1692590400,xx,793,"2023-08-21"
QUEST,1692504000,xx,792,"2023-08-20"
MAGMA,1692417600,xx,791,"2023-08-19"
EXACT,1692331200,xx,790,"2023-08-18"
AMISS,1692244800,xx,789,"2023-08-17"
SCRUB,1692158400,xx,788,"2023-08-16"
INDEX,1692072000,xx,787,"2023-08-15"
SNAKY,1691985600,xx,786,"2023-08-14"
WRATH,1691899200,xx,785,"2023-08-13"
QUICK,1691812800,xx,784,"2023-08-12"
HELLO,1691726400,xx,783,"2023-08-11"
EMPTY,1691640000,xx,782,"2023-08-10"
LOVER,1691553600,xx,781,"2023-08-9"
BULLY,1691467200,xx,780,"2023-08-8"
BROOK,1691380800,xx,779,"2023-08-7"
POLYP,1691294400,xx,778,"2023-08-6"
ANODE,1691208000,xx,777,"2023-08-5"
CHART,1691121600,xx,776,"2023-08-4"
PARTY,1691035200,xx,775,"2023-08-3"
BEGET,1690948800,xx,774,"2023-08-2"
TENTH,1690862400,xx,773,"2023-08-1"
STYLE,1690776000,xx,772,"2023-07-31"
BATHE,1690689600,xx,771,"2023-07-30"
CURLY,1690603200,xx,770,"2023-07-29"
ETHOS,1690516800,xx,769,"2023-07-28"
DISCO,1690430400,xx,768,"2023-07-27"
HEART,1690344000,xx,767,"2023-07-26"
WHEEL,1690257600,xx,766,"2023-07-25"
HOBBY,1690171200,xx,765,"2023-07-24"
WHALE,1690084800,xx,764,"2023-07-23"
FROZE,1689998400,xx,763,"2023-07-22"
BURLY,1689912000,xx,762,"2023-07-21"
FLANK,1689825600,xx,761,"2023-07-20"
TONIC,1689739200,xx,760,"2023-07-19"
FLYER,1689652800,xx,759,"2023-07-18"
DROOP,1689566400,xx,758,"2023-07-17"
TOPAZ,1689480000,xx,757,"2023-07-16"
CRONE,1689393600,xx,756,"2023-07-15"
FIEND,1689307200,xx,755,"2023-07-14"
BARGE,1689220800,xx,754,"2023-07-13"
WHIRL,1689134400,xx,753,"2023-07-12"
EARTH,1689048000,xx,752,"2023-07-11"
FOLLY,1688961600,xx,751,"2023-07-10"
ENTER,1688875200,xx,750,"2023-07-9"
COWER,1688788800,xx,749,"2023-07-8"
DONUT,1688702400,xx,748,"2023-07-7"
WINDY,1688616000,xx,747,"2023-07-6"
VENOM,1688529600,xx,746,"2023-07-5"
IRATE,1688443200,xx,745,"2023-07-4"
HOTEL,1688356800,xx,744,"2023-07-3"
MOSSY,1688270400,xx,743,"2023-07-2"
BLEEP,1688184000,xx,742,"2023-07-1"
STRAW,1688097600,xx,741,"2023-06-30"
DINER,1688011200,xx,740,"2023-06-29"
TRACT,1687924800,xx,739,"2023-06-28"
ABOUT,1687838400,xx,738,"2023-06-27"
GUEST,1687752000,xx,737,"2023-06-26"
RODEO,1687665600,xx,736,"2023-06-25"
GRAND,1687579200,xx,735,"2023-06-24"
COVET,1687492800,xx,734,"2023-06-23"
TASTE,1687406400,xx,733,"2023-06-22"
CRANE,1687320000,xx,732,"2023-06-21"
FROST,1687233600,xx,731,"2023-06-20"
KAZOO,1687147200,xx,730,"2023-06-19"
SHYLY,1687060800,xx,729,"2023-06-18"
RANCH,1686974400,xx,728,"2023-06-17"
STRAP,1686888000,xx,727,"2023-06-16"
MAYBE,1686801600,xx,726,"2023-06-15"
CRIME,1686715200,xx,725,"2023-06-14"
PLUNK,1686628800,xx,724,"2023-06-13"
WRONG,1686542400,xx,723,"2023-06-12"
GUARD,1686456000,xx,722,"2023-06-11"
AGAIN,1686369600,xx,721,"2023-06-10"
BALSA,1686283200,xx,720,"2023-06-9"
CRUMB,1686196800,xx,719,"2023-06-8"
HATER,1686110400,xx,718,"2023-06-7"
SCOUT,1686024000,xx,717,"2023-06-6"
ENNUI,1685937600,xx,716,"2023-06-5"
BEAST,1685851200,xx,715,"2023-06-4"
NANNY,1685764800,xx,714,"2023-06-3"
HUMID,1685678400,xx,713,"2023-06-2"
JAZZY,1685592000,xx,712,"2023-06-1"
AGILE,1685505600,xx,711,"2023-05-31"
KNEEL,1685419200,xx,710,"2023-05-30"
MOUSE,1685332800,xx,709,"2023-05-29"
SKIMP,1685246400,xx,708,"2023-05-28"
RAMEN,1685160000,xx,707,"2023-05-27"
SWINE,1685073600,xx,706,"2023-05-26"
BAGEL,1684987200,xx,705,"2023-05-25"
UTTER,1684900800,xx,704,"2023-05-24"
CLERK,1684814400,xx,703,"2023-05-23"
IGLOO,1684728000,xx,702,"2023-05-22"
BRASH,1684641600,xx,701,"2023-05-21"
FLASK,1684555200,xx,700,"2023-05-20"
GRIEF,1684468800,xx,699,"2023-05-19"
SHORN,1684382400,xx,698,"2023-05-18"
PLANK,1684296000,xx,697,"2023-05-17"
LATTE,1684209600,xx,696,"2023-05-16"
CANOE,1684123200,xx,695,"2023-05-15"
SCARF,1684036800,xx,694,"2023-05-14"
ACRID,1683950400,xx,693,"2023-05-13"
SNACK,1683864000,xx,692,"2023-05-12"
BROOM,1683777600,xx,691,"2023-05-11"
ETHIC,1683691200,xx,690,"2023-05-10"
COCOA,1683604800,xx,689,"2023-05-9"
AGLOW,1683518400,xx,688,"2023-05-8"
GHOUL,1683432000,xx,687,"2023-05-7"
ANGER,1683345600,xx,686,"2023-05-6"
BELOW,1683259200,xx,685,"2023-05-5"
GUPPY,1683172800,xx,684,"2023-05-4"
HORDE,1683086400,xx,683,"2023-05-3"
SULKY,1683000000,xx,682,"2023-05-2"
RANGE,1682913600,xx,681,"2023-05-1"
PLAZA,1682827200,xx,680,"2023-04-30"
CEDAR,1682740800,xx,679,"2023-04-29"
CIRCA,1682654400,xx,678,"2023-04-28"
LOGIC,1682568000,xx,677,"2023-04-27"
METRO,1682481600,xx,676,"2023-04-26"
JOKER,1682395200,xx,675,"2023-04-25"
DITTO,1682308800,xx,674,"2023-04-24"
UNZIP,1682222400,xx,673,"2023-04-23"
BROKE,1682136000,xx,672,"2023-04-22"
KAYAK,1682049600,xx,671,"2023-04-21"
PLATE,1681963200,xx,670,"2023-04-20"
THUMP,1681876800,xx,669,"2023-04-19"
HOUND,1681790400,xx,668,"2023-04-18"
WHIFF,1681704000,xx,667,"2023-04-17"
DWELT,1681617600,xx,666,"2023-04-16"
AGONY,1681531200,xx,665,"2023-04-15"
THIEF,1681444800,xx,664,"2023-04-14"
CARAT,1681358400,xx,663,"2023-04-13"
BORAX,1681272000,xx,662,"2023-04-12"
QUALM,1681185600,xx,661,"2023-04-11"
UNDER,1681099200,xx,660,"2023-04-10"
SNAFU,1681012800,xx,659,"2023-04-9"
LEDGE,1680926400,xx,658,"2023-04-8"
LOCUS,1680840000,xx,657,"2023-04-7"
LEAFY,1680753600,xx,656,"2023-04-6"
SMASH,1680667200,xx,655,"2023-04-5"
RATIO,1680580800,xx,654,"2023-04-4"
FLORA,1680494400,xx,653,"2023-04-3"
STOCK,1680408000,xx,652,"2023-04-2"
MARCH,1680321600,xx,651,"2023-04-1"
EVERY,1680235200,xx,650,"2023-03-31"
BREAD,1680148800,xx,649,"2023-03-30"
BESET,1680062400,xx,648,"2023-03-29"
HURRY,1679976000,xx,647,"2023-03-28"
GUANO,1679889600,xx,646,"2023-03-27"
UNTIE,1679803200,xx,645,"2023-03-26"
VOTER,1679716800,xx,644,"2023-03-25"
GROUT,1679630400,xx,643,"2023-03-24"
STAID,1679544000,xx,642,"2023-03-23"
DUVET,1679457600,xx,641,"2023-03-22"
TOUGH,1679371200,xx,640,"2023-03-21"
GLOVE,1679284800,xx,639,"2023-03-20"
CREDO,1679198400,xx,638,"2023-03-19"
YACHT,1679112000,xx,637,"2023-03-18"
MEALY,1679025600,xx,636,"2023-03-17"
CIDER,1678939200,xx,635,"2023-03-16"
SWEEP,1678852800,xx,634,"2023-03-15"
SURLY,1678766400,xx,633,"2023-03-14"
BLAME,1678680000,xx,632,"2023-03-13"
BIRTH,1678597200,xx,631,"2023-03-12"
EMAIL,1678510800,xx,630,"2023-03-11"
REVEL,1678424400,xx,629,"2023-03-10"
WHERE,1678338000,xx,628,"2023-03-9"
REGAL,1678251600,xx,627,"2023-03-8"
HORSE,1678165200,xx,626,"2023-03-7"
PINKY,1678078800,xx,625,"2023-03-6"
TOXIC,1677992400,xx,624,"2023-03-5"
TREND,1677906000,xx,623,"2023-03-4"
SQUAT,1677819600,xx,622,"2023-03-3"
ABOVE,1677733200,xx,621,"2023-03-2"
MOOSE,1677646800,xx,620,"2023-03-1"
POLKA,1677560400,xx,619,"2023-02-28"
WORSE,1677474000,xx,618,"2023-02-27"
SYRUP,1677387600,xx,617,"2023-02-26"
FIFTY,1677301200,xx,616,"2023-02-25"
ARBOR,1677214800,xx,615,"2023-02-24"
VAGUE,1677128400,xx,614,"2023-02-23"
RIPER,1677042000,xx,613,"2023-02-22"
RUDDY,1676955600,xx,612,"2023-02-21"
SWEAT,1676869200,xx,611,"2023-02-20"
KIOSK,1676782800,xx,610,"2023-02-19"
AVAIL,1676696400,xx,609,"2023-02-18"
CACHE,1676610000,xx,608,"2023-02-17"
MAGIC,1676523600,xx,607,"2023-02-16"
SALSA,1676437200,xx,606,"2023-02-15"
SOUND,1676350800,xx,605,"2023-02-14"
USAGE,1676264400,xx,604,"2023-02-13"
GIANT,1676178000,xx,603,"2023-02-12"
DEBUG,1676091600,xx,602,"2023-02-11"
HEADY,1676005200,xx,601,"2023-02-10"
STAGE,1675918800,xx,600,"2023-02-9"
FLAIL,1675832400,xx,599,"2023-02-8"
APPLE,1675746000,xx,598,"2023-02-7"
NINTH,1675659600,xx,597,"2023-02-6"
DANCE,1675573200,xx,596,"2023-02-5"
UNLIT,1675486800,xx,595,"2023-02-4"
TASTY,1675400400,xx,594,"2023-02-3"
SHIRK,1675314000,xx,593,"2023-02-2"
SCOLD,1675227600,xx,592,"2023-02-1"
CROSS,1675141200,xx,591,"2023-01-31"
CRAVE,1675054800,xx,590,"2023-01-30"
FISHY,1674968400,xx,589,"2023-01-29"
FLIRT,1674882000,xx,588,"2023-01-28"
WORRY,1674795600,xx,587,"2023-01-27"
BEEFY,1674709200,xx,586,"2023-01-26"
MAIZE,1674622800,xx,585,"2023-01-25"
COUNT,1674536400,xx,584,"2023-01-24"
ELUDE,1674450000,xx,583,"2023-01-23"
MATEY,1674363600,xx,582,"2023-01-22"
BLURB,1674277200,xx,581,"2023-01-21"
ALTER,1674190800,xx,580,"2023-01-20"
MUCKY,1674104400,xx,579,"2023-01-19"
CHARD,1674018000,xx,578,"2023-01-18"
ADOPT,1673931600,xx,577,"2023-01-17"
FROCK,1673845200,xx,576,"2023-01-16"
SPIRE,1673758800,xx,575,"2023-01-15"
KOALA,1673672400,xx,574,"2023-01-14"
HUMAN,1673586000,xx,573,"2023-01-13"
LEAPT,1673499600,xx,572,"2023-01-12"
SEDAN,1673413200,xx,571,"2023-01-11"
GRIMY,1673326800,xx,570,"2023-01-10"
PIXIE,1673240400,xx,569,"2023-01-9"
OPERA,1673154000,xx,568,"2023-01-8"
LEMON,1673067600,xx,567,"2023-01-7"
BELIE,1672981200,xx,566,"2023-01-6"
SLEEK,1672894800,xx,565,"2023-01-5"
LAYER,1672808400,xx,564,"2023-01-4"
ANTIC,1672722000,xx,563,"2023-01-3"
SKIRT,1672635600,xx,562,"2023-01-2"
WHINE,1672549200,xx,561,"2023-01-1"
MANLY,1672462800,xx,560,"2022-12-31"
MOLAR,1672376400,xx,559,"2022-12-30"
HAVOC,1672290000,xx,558,"2022-12-29"
IMPEL,1672203600,xx,557,"2022-12-28"
CONDO,1672117200,xx,556,"2022-12-27"
JUDGE,1672030800,xx,555,"2022-12-26"
EXTRA,1671944400,xx,554,"2022-12-25"
POISE,1671858000,xx,553,"2022-12-24"
AORTA,1671771600,xx,552,"2022-12-23"
EXCEL,1671685200,xx,551,"2022-12-22"
LUNAR,1671598800,xx,550,"2022-12-21"
THIRD,1671512400,xx,549,"2022-12-20"
SLATE,1671426000,xx,548,"2022-12-19"
TAPER,1671339600,xx,547,"2022-12-18"
CHORD,1671253200,xx,546,"2022-12-17"
PROBE,1671166800,xx,545,"2022-12-16"
RIVAL,1671080400,xx,544,"2022-12-15"
USUAL,1670994000,xx,543,"2022-12-14"
SPOKE,1670907600,xx,542,"2022-12-13"
APPLY,1670821200,xx,541,"2022-12-12"
NAIVE,1670734800,xx,540,"2022-12-11"
KNOCK,1670648400,xx,539,"2022-12-10"
BRAID,1670562000,xx,538,"2022-12-9"
INFER,1670475600,xx,537,"2022-12-8"
JOUST,1670389200,xx,536,"2022-12-7"
AMBER,1670302800,xx,535,"2022-12-6"
WOKEN,1670216400,xx,534,"2022-12-5"
ADORE,1670130000,xx,533,"2022-12-4"
TORSO,1670043600,xx,532,"2022-12-3"
CHAFE,1669957200,xx,531,"2022-12-2"
EJECT,1669870800,xx,530,"2022-12-1"
STUDY,1669784400,xx,529,"2022-11-30"
UNDUE,1669698000,xx,528,"2022-11-29"
TEPID,1669611600,xx,527,"2022-11-28"
HAPPY,1669525200,xx,526,"2022-11-27"
CLEAN,1669438800,xx,525,"2022-11-26"
ITCHY,1669352400,xx,524,"2022-11-25"
FEAST,1669266000,xx,523,"2022-11-24"
DRIVE,1669179600,xx,522,"2022-11-23"
PRIME,1669093200,xx,521,"2022-11-22"
AXIOM,1669006800,xx,520,"2022-11-21"
BRAVE,1668920400,xx,519,"2022-11-20"
AVERT,1668834000,xx,518,"2022-11-19"
GLYPH,1668747600,xx,517,"2022-11-18"
THERE,1668661200,xx,516,"2022-11-17"
BAKER,1668574800,xx,515,"2022-11-16"
SNARL,1668488400,xx,514,"2022-11-15"
MAPLE,1668402000,xx,513,"2022-11-14"
INANE,1668315600,xx,512,"2022-11-13"
VALET,1668229200,xx,511,"2022-11-12"
MEDAL,1668142800,xx,510,"2022-11-11"
UNITE,1668056400,xx,509,"2022-11-10"
RAINY,1667970000,xx,508,"2022-11-9"
SPELL,1667883600,xx,507,"2022-11-8"
BEGIN,1667797200,xx,506,"2022-11-7"
STALE,1667707200,xx,505,"2022-11-6"
DREAM,1667620800,xx,504,"2022-11-5"
PHOTO,1667534400,xx,503,"2022-11-4"
ALOUD,1667448000,xx,502,"2022-11-3"
INEPT,1667361600,xx,501,"2022-11-2"
PINEY,1667275200,xx,500,"2022-11-1"
APTLY,1667188800,xx,499,"2022-10-31"
WALTZ,1667102400,xx,498,"2022-10-30"
LIBEL,1667016000,xx,497,"2022-10-29"
SNEAK,1666929600,xx,496,"2022-10-28"
CARRY,1666843200,xx,495,"2022-10-27"
FLOUT,1666756800,xx,494,"2022-10-26"
FOGGY,1666670400,xx,493,"2022-10-25"
FAULT,1666584000,xx,492,"2022-10-24"
MUMMY,1666497600,xx,491,"2022-10-23"
SPIEL,1666411200,xx,490,"2022-10-22"
GROVE,1666324800,xx,489,"2022-10-21"
DENIM,1666238400,xx,488,"2022-10-20"
QUIRK,1666152000,xx,487,"2022-10-19"
EXIST,1666065600,xx,486,"2022-10-18"
STEIN,1665979200,xx,485,"2022-10-17"
SPADE,1665892800,xx,484,"2022-10-16"
CATCH,1665806400,xx,483,"2022-10-15"
FLOOR,1665720000,xx,482,"2022-10-14"
EQUAL,1665633600,xx,481,"2022-10-13"
IONIC,1665547200,xx,480,"2022-10-12"
VALID,1665460800,xx,479,"2022-10-11"
ENJOY,1665374400,xx,478,"2022-10-10"
HOWDY,1665288000,xx,477,"2022-10-9"
VIGOR,1665201600,xx,476,"2022-10-8"
DANDY,1665115200,xx,475,"2022-10-7"
SLOTH,1665028800,xx,474,"2022-10-6"
MARSH,1664942400,xx,473,"2022-10-5"
BOUGH,1664856000,xx,472,"2022-10-4"
STING,1664769600,xx,471,"2022-10-3"
TWINE,1664683200,xx,470,"2022-10-2"
LEAVE,1664596800,xx,469,"2022-10-1"
SCORN,1664510400,xx,468,"2022-09-30"
SCALD,1664424000,xx,467,"2022-09-29"
USURP,1664337600,xx,466,"2022-09-28"
SOGGY,1664251200,xx,465,"2022-09-27"
BRISK,1664164800,xx,464,"2022-09-26"
ADMIT,1664078400,xx,463,"2022-09-25"
GRATE,1663992000,xx,462,"2022-09-24"
GLORY,1663905600,xx,461,"2022-09-23"
SAINT,1663819200,xx,460,"2022-09-22"
RECAP,1663732800,xx,459,"2022-09-21"
ALIKE,1663646400,xx,458,"2022-09-20"
TRICE,1663560000,xx,457,"2022-09-19"
STICK,1663473600,xx,456,"2022-09-18"
CHUTE,1663387200,xx,455,"2022-09-17"
PARER,1663300800,xx,454,"2022-09-16"
DOUBT,1663214400,xx,453,"2022-09-15"
THYME,1663128000,xx,452,"2022-09-14"
ALPHA,1663041600,xx,451,"2022-09-13"
BOOZE,1662955200,xx,450,"2022-09-12"
TIBIA,1662868800,xx,449,"2022-09-11"
LOFTY,1662782400,xx,448,"2022-09-10"
THEME,1662696000,xx,447,"2022-09-9"
CLASS,1662609600,xx,446,"2022-09-8"
LEERY,1662523200,xx,445,"2022-09-7"
TAUNT,1662436800,xx,444,"2022-09-6"
WHOOP,1662350400,xx,443,"2022-09-5"
INTER,1662264000,xx,442,"2022-09-4"
GULLY,1662177600,xx,441,"2022-09-3"
CHARM,1662091200,xx,440,"2022-09-2"
FUNGI,1662004800,xx,439,"2022-09-1"
PRIZE,1661918400,xx,438,"2022-08-31"
ONSET,1661832000,xx,437,"2022-08-30"
CHIEF,1661745600,xx,436,"2022-08-29"
GAUZE,1661659200,xx,435,"2022-08-28"
RUDER,1661572800,xx,434,"2022-08-27"
IRONY,1661486400,xx,433,"2022-08-26"
CLOWN,1661400000,xx,432,"2022-08-25"
NEEDY,1661313600,xx,431,"2022-08-24"
WOVEN,1661227200,xx,430,"2022-08-23"
MERIT,1661140800,xx,429,"2022-08-22"
WASTE,1661054400,xx,428,"2022-08-21"
TREAT,1660968000,xx,427,"2022-08-20"
SHRUG,1660881600,xx,426,"2022-08-19"
TWANG,1660795200,xx,425,"2022-08-18"
TWICE,1660708800,xx,424,"2022-08-17"
GRUEL,1660622400,xx,423,"2022-08-16"
POKER,1660536000,xx,422,"2022-08-15"
KHAKI,1660449600,xx,421,"2022-08-14"
HUNKY,1660363200,xx,420,"2022-08-13"
LABEL,1660276800,xx,419,"2022-08-12"
GLEAN,1660190400,xx,418,"2022-08-11"
CLING,1660104000,xx,417,"2022-08-10"
PATTY,1660017600,xx,416,"2022-08-9"
UNFIT,1659931200,xx,415,"2022-08-8"
SMEAR,1659844800,xx,414,"2022-08-7"
ALIEN,1659758400,xx,413,"2022-08-6"
BUGGY,1659672000,xx,412,"2022-08-5"
RHYME,1659585600,xx,411,"2022-08-4"
YOUTH,1659499200,xx,410,"2022-08-3"
COYLY,1659412800,xx,409,"2022-08-2"
QUART,1659326400,xx,408,"2022-08-1"
CRAMP,1659240000,xx,407,"2022-07-31"
BLUFF,1659153600,xx,406,"2022-07-30"
UPSET,1659067200,xx,405,"2022-07-29"
STOMP,1658980800,xx,404,"2022-07-28"
MOTTO,1658894400,xx,403,"2022-07-27"
CINCH,1658808000,xx,402,"2022-07-26"
ELOPE,1658721600,xx,401,"2022-07-25"
POWER,1658635200,xx,400,"2022-07-24"
MIDGE,1658548800,xx,399,"2022-07-23"
TRYST,1658462400,xx,398,"2022-07-22"
APHID,1658376000,xx,397,"2022-07-21"
TRITE,1658289600,xx,396,"2022-07-20"
ANGRY,1658203200,xx,395,"2022-07-19"
FLOCK,1658116800,xx,394,"2022-07-18"
WACKY,1658030400,xx,393,"2022-07-17"
ROOMY,1657944000,xx,392,"2022-07-16"
WEDGE,1657857600,xx,391,"2022-07-15"
LIVER,1657771200,xx,390,"2022-07-14"
BLAND,1657684800,xx,389,"2022-07-13"
NIGHT,1657598400,xx,388,"2022-07-12"
MADAM,1657512000,xx,387,"2022-07-11"
BERTH,1657425600,xx,386,"2022-07-10"
STEAD,1657339200,xx,385,"2022-07-9"
VOICE,1657252800,xx,384,"2022-07-8"
AGAPE,1657166400,xx,383,"2022-07-7"
FLUFF,1657080000,xx,382,"2022-07-6"
FIELD,1656993600,xx,381,"2022-07-5"
SEVER,1656907200,xx,380,"2022-07-4"
LILAC,1656820800,xx,379,"2022-07-3"
EGRET,1656734400,xx,378,"2022-07-2"
PINTO,1656648000,xx,377,"2022-07-1"
HUTCH,1656561600,xx,376,"2022-06-30"
GAWKY,1656475200,xx,375,"2022-06-29"
DROLL,1656388800,xx,374,"2022-06-28"
RETRO,1656302400,xx,373,"2022-06-27"
RUSTY,1656216000,xx,372,"2022-06-26"
BEADY,1656129600,xx,371,"2022-06-25"
SMITE,1656043200,xx,370,"2022-06-24"
BRINK,1655956800,xx,369,"2022-06-23"
AWFUL,1655870400,xx,368,"2022-06-22"
GLOAT,1655784000,xx,367,"2022-06-21"
INPUT,1655697600,xx,366,"2022-06-20"
LOSER,1655611200,xx,365,"2022-06-19"
CACAO,1655524800,xx,364,"2022-06-18"
BLOWN,1655438400,xx,363,"2022-06-17"
APRON,1655352000,xx,362,"2022-06-16"
PRIMO,1655265600,xx,361,"2022-06-15"
ATONE,1655179200,xx,360,"2022-06-14"
DONOR,1655092800,xx,359,"2022-06-13"
FLOAT,1655006400,xx,358,"2022-06-12"
GOOSE,1654920000,xx,357,"2022-06-11"
PIETY,1654833600,xx,356,"2022-06-10"
GIRTH,1654747200,xx,355,"2022-06-9"
TRAIT,1654660800,xx,354,"2022-06-8"
FLOOD,1654574400,xx,353,"2022-06-7"
GLOOM,1654488000,xx,352,"2022-06-6"
DEPTH,1654401600,xx,351,"2022-06-5"
FROTH,1654315200,xx,350,"2022-06-4"
PHASE,1654228800,xx,349,"2022-06-3"
SHOWY,1654142400,xx,348,"2022-06-2"
CREAK,1654056000,xx,347,"2022-06-1"
MANOR,1653969600,xx,346,"2022-05-31"
ATOLL,1653883200,xx,345,"2022-05-30"
BAYOU,1653796800,xx,344,"2022-05-29"
CREPT,1653710400,xx,343,"2022-05-28"
TIARA,1653624000,xx,342,"2022-05-27"
ASSET,1653537600,xx,341,"2022-05-26"
VOUCH,1653451200,xx,340,"2022-05-25"
ALBUM,1653364800,xx,339,"2022-05-24"
HINGE,1653278400,xx,338,"2022-05-23"
MONEY,1653192000,xx,337,"2022-05-22"
SCRAP,1653105600,xx,336,"2022-05-21"
GAMER,1653019200,xx,335,"2022-05-20"
GLASS,1652932800,xx,334,"2022-05-19"
SCOUR,1652846400,xx,333,"2022-05-18"
BEING,1652760000,xx,332,"2022-05-17"
DELVE,1652673600,xx,331,"2022-05-16"
YIELD,1652587200,xx,330,"2022-05-15"
METAL,1652500800,xx,329,"2022-05-14"
TIPSY,1652414400,xx,328,"2022-05-13"
SLUNG,1652328000,xx,327,"2022-05-12"
FARCE,1652241600,xx,326,"2022-05-11"
GECKO,1652155200,xx,325,"2022-05-10"
SHINE,1652068800,xx,324,"2022-05-9"
CANNY,1651982400,xx,323,"2022-05-8"
MIDST,1651896000,xx,322,"2022-05-7"
BADGE,1651809600,xx,321,"2022-05-6"
HOMER,1651723200,xx,320,"2022-05-5"
TRAIN,1651636800,xx,319,"2022-05-4"
HAIRY,1651550400,xx,318,"2022-05-3"
STORY,1651464000,xx,317,"2022-05-2"
FORGO,1651377600,xx,316,"2022-05-1"
LARVA,1651291200,xx,315,"2022-04-30"
TRASH,1651204800,xx,314,"2022-04-29"
ZESTY,1651118400,xx,313,"2022-04-28"
SHOWN,1651032000,xx,312,"2022-04-27"
HEIST,1650945600,xx,311,"2022-04-26"
ASKEW,1650859200,xx,310,"2022-04-25"
INERT,1650772800,xx,309,"2022-04-24"
OLIVE,1650686400,xx,308,"2022-04-23"
PLANT,1650600000,xx,307,"2022-04-22"
OXIDE,1650513600,xx,306,"2022-04-21"
CARGO,1650427200,xx,305,"2022-04-20"
FOYER,1650340800,xx,304,"2022-04-19"
FLAIR,1650254400,xx,303,"2022-04-18"
AMPLE,1650168000,xx,302,"2022-04-17"
CHEEK,1650081600,xx,301,"2022-04-16"
SHAME,1649995200,xx,300,"2022-04-15"
MINCE,1649908800,xx,299,"2022-04-14"
CHUNK,1649822400,xx,298,"2022-04-13"
ROYAL,1649736000,xx,297,"2022-04-12"
SQUAD,1649649600,xx,296,"2022-04-11"
BLACK,1649563200,xx,295,"2022-04-10"
STAIR,1649476800,xx,294,"2022-04-9"
SCARE,1649390400,xx,293,"2022-04-8"
FORAY,1649304000,xx,292,"2022-04-7"
COMMA,1649217600,xx,291,"2022-04-6"
NATAL,1649131200,xx,290,"2022-04-5"
SHAWL,1649044800,xx,289,"2022-04-4"
FEWER,1648958400,xx,288,"2022-04-3"
TROPE,1648872000,xx,287,"2022-04-2"
SNOUT,1648785600,xx,286,"2022-04-1"
LOWLY,1648699200,xx,285,"2022-03-31"
STOVE,1648612800,xx,284,"2022-03-30"
SHALL,1648526400,xx,283,"2022-03-29"
FOUND,1648440000,xx,282,"2022-03-28"
NYMPH,1648353600,xx,281,"2022-03-27"
EPOXY,1648267200,xx,280,"2022-03-26"
DEPOT,1648180800,xx,279,"2022-03-25"
CHEST,1648094400,xx,278,"2022-03-24"
PURGE,1648008000,xx,277,"2022-03-23"
SLOSH,1647921600,xx,276,"2022-03-22"
THEIR,1647835200,xx,275,"2022-03-21"
RENEW,1647748800,xx,274,"2022-03-20"
ALLOW,1647662400,xx,273,"2022-03-19"
SAUTE,1647576000,xx,272,"2022-03-18"
MOVIE,1647489600,xx,271,"2022-03-17"
CATER,1647403200,xx,270,"2022-03-16"
TEASE,1647316800,xx,269,"2022-03-15"
SMELT,1647230400,xx,268,"2022-03-14"
FOCUS,1647147600,xx,267,"2022-03-13"
TODAY,1647061200,xx,266,"2022-03-12"
WATCH,1646974800,xx,265,"2022-03-11"
LAPSE,1646888400,xx,264,"2022-03-10"
MONTH,1646802000,xx,263,"2022-03-9"
SWEET,1646715600,xx,262,"2022-03-8"
HOARD,1646629200,xx,261,"2022-03-7"
CLOTH,1646542800,xx,260,"2022-03-6"
BRINE,1646456400,xx,259,"2022-03-5"
AHEAD,1646370000,xx,258,"2022-03-4"
MOURN,1646283600,xx,257,"2022-03-3"
NASTY,1646197200,xx,256,"2022-03-2"
RUPEE,1646110800,xx,255,"2022-03-1"
CHOKE,1646024400,xx,254,"2022-02-28"
CHANT,1645938000,xx,253,"2022-02-27"
SPILL,1645851600,xx,252,"2022-02-26"
VIVID,1645765200,xx,251,"2022-02-25"
BLOKE,1645678800,xx,250,"2022-02-24"
TROVE,1645592400,xx,249,"2022-02-23"
THORN,1645506000,xx,248,"2022-02-22"
OTHER,1645419600,xx,247,"2022-02-21"
TACIT,1645333200,xx,246,"2022-02-20"
SWILL,1645246800,xx,245,"2022-02-19"
DODGE,1645160400,xx,244,"2022-02-18"
SHAKE,1645074000,xx,243,"2022-02-17"
CAULK,1644987600,xx,242,"2022-02-16"
AROMA,1644901200,xx,241,"2022-02-15"
CYNIC,1644814800,xx,240,"2022-02-14"
ROBIN,1644728400,xx,239,"2022-02-13"
ULTRA,1644642000,xx,238,"2022-02-12"
ULCER,1644555600,xx,237,"2022-02-11"
PAUSE,1644469200,xx,236,"2022-02-10"
HUMOR,1644382800,xx,235,"2022-02-9"
FRAME,1644296400,xx,234,"2022-02-8"
ELDER,1644210000,xx,233,"2022-02-7"
SKILL,1644123600,xx,232,"2022-02-6"
ALOFT,1644037200,xx,231,"2022-02-5"
PLEAT,1643950800,xx,230,"2022-02-4"
SHARD,1643864400,xx,229,"2022-02-3"
MOIST,1643778000,xx,228,"2022-02-2"
THOSE,1643691600,xx,227,"2022-02-1"
LIGHT,1643605200,xx,226,"2022-01-31"
WRUNG,1643518800,xx,225,"2022-01-30"
COULD,1643432400,xx,224,"2022-01-29"
PERKY,1643346000,xx,223,"2022-01-28"
MOUNT,1643259600,xx,222,"2022-01-27"
WHACK,1643173200,xx,221,"2022-01-26"
SUGAR,1643086800,xx,220,"2022-01-25"
KNOLL,1643000400,xx,219,"2022-01-24"
CRIMP,1642914000,xx,218,"2022-01-23"
WINCE,1642827600,xx,217,"2022-01-22"
PRICK,1642741200,xx,216,"2022-01-21"
ROBOT,1642654800,xx,215,"2022-01-20"
POINT,1642568400,xx,214,"2022-01-19"
PROXY,1642482000,xx,213,"2022-01-18"
SHIRE,1642395600,xx,212,"2022-01-17"
SOLAR,1642309200,xx,211,"2022-01-16"
PANIC,1642222800,xx,210,"2022-01-15"
TANGY,1642136400,xx,209,"2022-01-14"
ABBEY,1642050000,xx,208,"2022-01-13"
FAVOR,1641963600,xx,207,"2022-01-12"
DRINK,1641877200,xx,206,"2022-01-11"
QUERY,1641790800,xx,205,"2022-01-10"
GORGE,1641704400,xx,204,"2022-01-9"
CRANK,1641618000,xx,203,"2022-01-8"
SLUMP,1641531600,xx,202,"2022-01-7"
BANAL,1641445200,xx,201,"2022-01-6"
TIGER,1641358800,xx,200,"2022-01-5"
SIEGE,1641272400,xx,199,"2022-01-4"
TRUSS,1641186000,xx,198,"2022-01-3"
BOOST,1641099600,xx,197,"2022-01-2"
REBUS,1641013200,xx,196,"2022-01-1"
UNIFY,1640926800,xx,195,"2021-12-31"
TROLL,1640840400,xx,194,"2021-12-30"
TAPIR,1640754000,xx,193,"2021-12-29"
ASIDE,1640667600,xx,192,"2021-12-28"
FERRY,1640581200,xx,191,"2021-12-27"
ACUTE,1640494800,xx,190,"2021-12-26"
PICKY,1640408400,xx,189,"2021-12-25"
WEARY,1640322000,xx,188,"2021-12-24"
GRIPE,1640235600,xx,187,"2021-12-23"
CRAZE,1640149200,xx,186,"2021-12-22"
PLUCK,1640062800,xx,185,"2021-12-21"
BRAKE,1639976400,xx,184,"2021-12-20"
BATON,1639890000,xx,183,"2021-12-19"
CHAMP,1639803600,xx,182,"2021-12-18"
PEACH,1639717200,xx,181,"2021-12-17"
USING,1639630800,xx,180,"2021-12-16"
TRACE,1639544400,xx,179,"2021-12-15"
VITAL,1639458000,xx,178,"2021-12-14"
SONIC,1639371600,xx,177,"2021-12-13"
MASSE,1639285200,xx,176,"2021-12-12"
CONIC,1639198800,xx,175,"2021-12-11"
VIRAL,1639112400,xx,174,"2021-12-10"
RHINO,1639026000,xx,173,"2021-12-9"
BREAK,1638939600,xx,172,"2021-12-8"
TRIAD,1638853200,xx,171,"2021-12-7"
EPOCH,1638766800,xx,170,"2021-12-6"
USHER,1638680400,xx,169,"2021-12-5"
EXULT,1638594000,xx,168,"2021-12-4"
GRIME,1638507600,xx,167,"2021-12-3"
CHEAT,1638421200,xx,166,"2021-12-2"
SOLVE,1638334800,xx,165,"2021-12-1"
BRING,1638248400,xx,164,"2021-11-30"
PROVE,1638162000,xx,163,"2021-11-29"
STORE,1638075600,xx,162,"2021-11-28"
TILDE,1637989200,xx,161,"2021-11-27"
CLOCK,1637902800,xx,160,"2021-11-26"
WROTE,1637816400,xx,159,"2021-11-25"
RETCH,1637730000,xx,158,"2021-11-24"
PERCH,1637643600,xx,157,"2021-11-23"
ROUGE,1637557200,xx,156,"2021-11-22"
RADIO,1637470800,xx,155,"2021-11-21"
SURER,1637384400,xx,154,"2021-11-20"
FINER,1637298000,xx,153,"2021-11-19"
VODKA,1637211600,xx,152,"2021-11-18"
HERON,1637125200,xx,151,"2021-11-17"
CHILL,1637038800,xx,150,"2021-11-16"
GAUDY,1636952400,xx,149,"2021-11-15"
PITHY,1636866000,xx,148,"2021-11-14"
SMART,1636779600,xx,147,"2021-11-13"
BADLY,1636693200,xx,146,"2021-11-12"
ROGUE,1636606800,xx,145,"2021-11-11"
GROUP,1636520400,xx,144,"2021-11-10"
FIXER,1636434000,xx,143,"2021-11-9"
GROIN,1636347600,xx,142,"2021-11-8"
DUCHY,1636257600,xx,141,"2021-11-7"
COAST,1636171200,xx,140,"2021-11-6"
BLURT,1636084800,xx,139,"2021-11-5"
PULPY,1635998400,xx,138,"2021-11-4"
ALTAR,1635912000,xx,137,"2021-11-3"
GREAT,1635825600,xx,136,"2021-11-2"
BRIAR,1635739200,xx,135,"2021-11-1"
CLICK,1635652800,xx,134,"2021-10-31"
GOUGE,1635566400,xx,133,"2021-10-30"
WORLD,1635480000,xx,132,"2021-10-29"
ERODE,1635393600,xx,131,"2021-10-28"
BOOZY,1635307200,xx,130,"2021-10-27"
DOZEN,1635220800,xx,129,"2021-10-26"
FLING,1635134400,xx,128,"2021-10-25"
GROWL,1635048000,xx,127,"2021-10-24"
ABYSS,1634961600,xx,126,"2021-10-23"
STEED,1634875200,xx,125,"2021-10-22"
ENEMA,1634788800,xx,124,"2021-10-21"
JAUNT,1634702400,xx,123,"2021-10-20"
COMET,1634616000,xx,122,"2021-10-19"
TWEED,1634529600,xx,121,"2021-10-18"
PILOT,1634443200,xx,120,"2021-10-17"
DUTCH,1634356800,xx,119,"2021-10-16"
BELCH,1634270400,xx,118,"2021-10-15"
OUGHT,1634184000,xx,117,"2021-10-14"
DOWRY,1634097600,xx,116,"2021-10-13"
THUMB,1634011200,xx,115,"2021-10-12"
HYPER,1633924800,xx,114,"2021-10-11"
HATCH,1633838400,xx,113,"2021-10-10"
ALONE,1633752000,xx,112,"2021-10-9"
MOTOR,1633665600,xx,111,"2021-10-8"
ABACK,1633579200,xx,110,"2021-10-7"
GUILD,1633492800,xx,109,"2021-10-6"
KEBAB,1633406400,xx,108,"2021-10-5"
SPEND,1633320000,xx,107,"2021-10-4"
FJORD,1633233600,xx,106,"2021-10-3"
ESSAY,1633147200,xx,105,"2021-10-2"
SPRAY,1633060800,xx,104,"2021-10-1"
SPICY,1632974400,xx,103,"2021-09-30"
AGATE,1632888000,xx,102,"2021-09-29"
SALAD,1632801600,xx,101,"2021-09-28"
BASIC,1632715200,xx,100,"2021-09-27"
MOULT,1632628800,xx,99,"2021-09-26"
CORNY,1632542400,xx,98,"2021-09-25"
FORGE,1632456000,xx,97,"2021-09-24"
CIVIC,1632369600,xx,96,"2021-09-23"
ISLET,1632283200,xx,95,"2021-09-22"
LABOR,1632196800,xx,94,"2021-09-21"
GAMMA,1632110400,xx,93,"2021-09-20"
LYING,1632024000,xx,92,"2021-09-19"
AUDIT,1631937600,xx,91,"2021-09-18"
ROUND,1631851200,xx,90,"2021-09-17"
LOOPY,1631764800,xx,89,"2021-09-16"
LUSTY,1631678400,xx,88,"2021-09-15"
GOLEM,1631592000,xx,87,"2021-09-14"
GONER,1631505600,xx,86,"2021-09-13"
GREET,1631419200,xx,85,"2021-09-12"
START,1631332800,xx,84,"2021-09-11"
LAPEL,1631246400,xx,83,"2021-09-10"
BIOME,1631160000,xx,82,"2021-09-9"
PARRY,1631073600,xx,81,"2021-09-8"
SHRUB,1630987200,xx,80,"2021-09-7"
FRONT,1630900800,xx,79,"2021-09-6"
WOOER,1630814400,xx,78,"2021-09-5"
TOTEM,1630728000,xx,77,"2021-09-4"
FLICK,1630641600,xx,76,"2021-09-3"
DELTA,1630555200,xx,75,"2021-09-2"
BLEED,1630468800,xx,74,"2021-09-1"
ARGUE,1630382400,xx,73,"2021-08-31"
SWIRL,1630296000,xx,72,"2021-08-30"
ERROR,1630209600,xx,71,"2021-08-29"
AGREE,1630123200,xx,70,"2021-08-28"
OFFAL,1630036800,xx,69,"2021-08-27"
FLUME,1629950400,xx,68,"2021-08-26"
CRASS,1629864000,xx,67,"2021-08-25"
PANEL,1629777600,xx,66,"2021-08-24"
STOUT,1629691200,xx,65,"2021-08-23"
BRIBE,1629604800,xx,64,"2021-08-22"
DRAIN,1629518400,xx,63,"2021-08-21"
YEARN,1629432000,xx,62,"2021-08-20"
PRINT,1629345600,xx,61,"2021-08-19"
SEEDY,1629259200,xx,60,"2021-08-18"
IVORY,1629172800,xx,59,"2021-08-17"
BELLY,1629086400,xx,58,"2021-08-16"
STAND,1629000000,xx,57,"2021-08-15"
FIRST,1628913600,xx,56,"2021-08-14"
FORTH,1628827200,xx,55,"2021-08-13"
BOOBY,1628740800,xx,54,"2021-08-12"
FLESH,1628654400,xx,53,"2021-08-11"
UNMET,1628568000,xx,52,"2021-08-10"
LINEN,1628481600,xx,51,"2021-08-9"
MAXIM,1628395200,xx,50,"2021-08-8"
POUND,1628308800,xx,49,"2021-08-7"
MIMIC,1628222400,xx,48,"2021-08-6"
SPIKE,1628136000,xx,47,"2021-08-5"
CLUCK,1628049600,xx,46,"2021-08-4"
CRATE,1627963200,xx,45,"2021-08-3"
DIGIT,1627876800,xx,44,"2021-08-2"
REPAY,1627790400,xx,43,"2021-08-1"
SOWER,1627704000,xx,42,"2021-07-31"
CRAZY,1627617600,xx,41,"2021-07-30"
ADOBE,1627531200,xx,40,"2021-07-29"
OUTDO,1627444800,xx,39,"2021-07-28"
TRAWL,1627358400,xx,38,"2021-07-27"
WHELP,1627272000,xx,37,"2021-07-26"
UNFED,1627185600,xx,36,"2021-07-25"
PAPER,1627099200,xx,35,"2021-07-24"
STAFF,1627012800,xx,34,"2021-07-23"
CROAK,1626926400,xx,33,"2021-07-22"
HELIX,1626840000,xx,32,"2021-07-21"
FLOSS,1626753600,xx,31,"2021-07-20"
PRIDE,1626667200,xx,30,"2021-07-19"
BATTY,1626580800,xx,29,"2021-07-18"
REACT,1626494400,xx,28,"2021-07-17"
MARRY,1626408000,xx,27,"2021-07-16"
ABASE,1626321600,xx,26,"2021-07-15"
COLON,1626235200,xx,25,"2021-07-14"
STOOL,1626148800,xx,24,"2021-07-13"
CRUST,1626062400,xx,23,"2021-07-12"
FRESH,1625976000,xx,22,"2021-07-11"
DEATH,1625889600,xx,21,"2021-07-10"
MAJOR,1625803200,xx,20,"2021-07-9"
FEIGN,1625716800,xx,19,"2021-07-8"
ABATE,1625630400,xx,18,"2021-07-7"
BENCH,1625544000,xx,17,"2021-07-6"
QUIET,1625457600,xx,16,"2021-07-5"
GRADE,1625371200,xx,15,"2021-07-4"
STINK,1625284800,xx,14,"2021-07-3"
KARMA,1625198400,xx,13,"2021-07-2"
MODEL,1625112000,xx,12,"2021-07-01"
DWARF,1625025600,xx,11,"2021-06-30"
HEATH,1624939200,xx,10,"2021-06-29"
SERVE,1624852800,xx,9,"2021-06-28"
NAVAL,1624766400,xx,8,"2021-06-27"
EVADE,1624680000,xx,7,"2021-06-26"
FOCAL,1624593600,xx,6,"2021-06-25"
BLUSH,1624507200,xx,5,"2021-06-24"
AWAKE,1624420800,xx,4,"2021-06-23"
HUMPH,1624334400,xx,3,"2021-06-22"
SISSY,1624248000,xx,2,"2021-06-21"
REBUT,1624161600,xx,1,"2021-06-20"
CIGAR,1624075200,xx,0,"2021-06-19"
SERIF,1774238400,xx,1738,"2026-03-23"
ELFIN,1776052800,xx,1759,"2026-04-13"
CYCLE,1776139200,xx,1760,"2026-04-14"
BEGUN,1776225600,xx,1761,"2026-04-15"
CUBIT,1776312000,xx,1762,"2026-04-16"
TOADY,1776484800,xx,1764,"2026-04-18"
BELLE,1776398400,xx,1763,"2026-04-17"
STAND,1776571200,xx,1765,"2026-04-19"
WEAVE,1776657600,xx,1766,"2026-04-20"
CLUMP,1776744000,xx,1767,"2026-04-21"
SNORE,1776830400,xx,1768,"2026-04-22"
TWEET,1776916800,xx,1769,"2026-04-23"
DRUNK,1777003200,xx,1770,"2026-04-24"
WOMEN,1777089600,xx,1771,"2026-04-25"
GLOSS,1777176000,xx,1772,"2026-04-26"
EERIE,1777262400,xx,1773,"2026-04-27"
QUACK,1777348800,xx,1774,"2026-04-28"
RURAL,1777435200,xx,1775,"2026-04-29"
CROCK,1777521600,xx,1776,"2026-04-30"
PLUME,1777608000,xx,1777,"2026-05-01"
BRING,1777694400,xx,1778,"2026-05-02"
PUFFY,1777780800,xx,1779,"2026-05-03"
RISER,1777867200,xx,1780,"2026-05-04"
LATCH,1777953600,xx,1781,"2026-05-05"
LIKEN,1778040000,xx,1782,"2026-05-06"
BUDGE,1778126400,xx,1783,"2026-05-07"
UMBRA,1778212800,xx,1784,"2026-05-08"
SATIN,1778299200,xx,1785,"2026-05-09"
PARKA,1778385600,xx,1786,"2026-05-10"
NEWLY,1778472000,xx,1787,"2026-05-11"
CLOCK,1778558400,xx,1788,"2026-05-12"
DOWDY,1778644800,xx,1789,"2026-05-13"
WAVER,1778731200,xx,1790,"2026-05-14"
CREED,1778817600,xx,1791,"2026-05-15"
MOVER,1778904000,xx,1792,"2026-05-16"
BYLAW,1778990400,xx,1793,"2026-05-17"
LOATH,1779076800,xx,1794,"2026-05-18"
DUSTY,1779163200,xx,1795,"2026-05-19"
WRECK,1779249600,xx,1796,"2026-05-20"
AGREE,1779336000,xx,1797,"2026-05-21"
VOCAL,1779422400,xx,1798,"2026-05-22"
CHUCK,1779508800,xx,1799,"2026-05-23"
NIECE,1779595200,xx,1800,"2026-05-24"
VISIT,1779681600,xx,1801,"2026-05-25"
COUCH,1779768000,xx,1802,"2026-05-26"
STUFF,1779854400,xx,1803,"2026-05-27"
DIVOT,1779940800,xx,1804,"2026-05-28"
CLANG,1780027200,xx,1805,"2026-05-29"
SMILE,1780113600,xx,1806,"2026-05-30"
ETUDE,1780200000,xx,1807,"2026-05-31"
CHILI,1780286400,xx,1808,"2026-06-01"
BASIS,1780372800,xx,1809,"2026-06-02"
NOTCH,1780459200,xx,1810,"2026-06-03"
ALLOY,1780545600,xx,1811,"2026-06-04"
NOBLY,1780632000,xx,1812,"2026-06-05"
MORPH,1780718400,xx,1813,"2026-06-06"
THUMB,1780804800,xx,1814,"2026-06-07"
MAFIA,1780891200,xx,1815,"2026-06-08"
WHARF,1780977600,xx,1816,"2026-06-09"
ALIGN,1781064000,xx,1817,"2026-06-10"
TESTY,1781150400,xx,1818,"2026-06-11"
BREAK,1781236800,xx,1819,"2026-06-12"
QUELL,1781323200,xx,1820,"2026-06-13"
SEPIA,1781409600,xx,1821,"2026-06-14"
BROIL,1781496000,xx,1822,"2026-06-15"
AMAZE,1781582400,xx,1823,"2026-06-16"
TOKEN,1781668800,xx,1824,"2026-06-17"
ENTRY,1781755200,xx,1825,"2026-06-18"
EMOJI,1781841600,xx,1826,"2026-06-19"
DRAKE,1781928000,xx,1827,"2026-06-20"
OVATE,1782100800,xx,1829,"2026-06-22"
ALIBI,1782014400,xx,1828,"2026-06-21"
CURRY,1782187200,xx,1830,"2026-06-23"
QUEER,1782273600,xx,1831,"2026-06-24"
UNITY,1782360000,xx,1832,"2026-06-25"
ACUTE,1782446400,xx,1833,"2026-06-26"
SCOOP,1782532800,xx,1834,"2026-06-27"
EMCEE,1782619200,xx,1835,"2026-06-28"
PUPPY,1782792000,xx,1837,"2026-06-30"
CRUDE,1782792000,xx,1836,"2026-06-29"
DEMUR,1782878400,xx,1838,"2026-07-01"
MAVEN,1782964800,xx,1839,"2026-07-02"
PIZZA,1783137600,xx,1841,"2026-07-04"
BATON,1783051200,xx,1840,"2026-07-03"
SWAMI,1783224000,xx,1842,"2026-07-05"
TODDY,1783310400,xx,1843,"2026-07-06"
SLING,1783396800,xx,1844,"2026-07-07"
DEMON,1783483200,xx,1845,"2026-07-08"
AMEND,1783569600,xx,1846,"2026-07-09"
CANAL,1783656000,xx,1847,"2026-07-10"
AVIAN,1783742400,xx,1848,"2026-07-11"
CLACK,1783828800,xx,1849,"2026-07-12"
STOUT,1783915200,xx,1850,"2026-07-13"
STEAK,1784001600,xx,1851,"2026-07-14"
PSHAW,1784088000,xx,1852,"2026-07-15"
BUTTE,1784174400,xx,1853,"2026-07-16"
LEGAL,1784260800,xx,1854,"2026-07-17"
BOOTH,1784347200,xx,1855,"2026-07-18"
CHURN,1784433600,xx,1856,"2026-07-19"
DIVER,1784520000,xx,1857,"2026-07-20"
SHILL,1784606400,xx,1858,"2026-07-21"
LORRY,1784692800,xx,1859,"2026-07-22"
ORBIT,1784779200,xx,1860,"2026-07-23"
PUTTY,1784865600,xx,1861,"2026-07-24"
ALOHA,1784952000,xx,1862,"2026-07-25"
GRAPE,1785038400,xx,1861,"2026-07-26"
POSER,1785124800,xx,1864,"2026-07-27"
GRAPE,1785038400,xx,1863,"2026-07-26"
SONAR,1785211200,xx,1865,"2026-07-28"
VALVE,1785297600,xx,1866,"2026-07-29"
FLUME,1785384000,xx,1867,"2026-07-30"
PURSE,1785470400,xx,1868,"2026-07-31"
SLUSH,1785556800,xx,1869,"2026-08-01"
PENAL,1785643200,xx,1870,"2026-08-02"
REPLY,1785729600,xx,1871,"2026-08-03"
MOTIF,1785816000,xx,1872,"2026-08-04"
POSIT,1785902400,xx,1873,"2026-08-05"
GRIPE,1785988800,xx,1874,"2026-08-06"
FEIGN,1786075200,xx,1875,"2026-08-07"
PRIVY,1786161600,xx,1876,"2026-08-08"
CLUNK,1786248000,xx,1877,"2026-08-09"
SNIPE,1786334400,xx,1878,"2026-08-10"
FENCE,1786420800,xx,1879,"2026-08-11"
WIMPY,1786507200,xx,1880,"2026-08-12"
CRASH,1786593600,xx,1881,"2026-08-13"
GEODE,1786680000,xx,1882,"2026-08-14"
LOOSE,1786766400,xx,1883,"2026-08-15"
ASPIC,1786852800,xx,1884,"2026-08-16"
TRIBE,1786939200,xx,1885,"2026-08-17"
STRIP,1787025600,xx,1886,"2026-08-18"
GRILL,1787112000,xx,1887,"2026-08-19"
MURKY,1787198400,xx,1888,"2026-08-20"
TRACE,1787284800,xx,1889,"2026-08-21"
PRAWN,1787371200,xx,1890,"2026-08-22"
OLDEN,1787457600,xx,1891,"2026-08-23"
RUNNY,1787544000,xx,1892,"2026-08-24"
CLICK,1787630400,xx,1893,"2026-08-25"
UNCUT,1787803200,xx,1894,"2026-08-27"
TWEEN,1787889600,xx,1895,"2026-08-28"
