answer,epoch,missing,puzzle,"puzzle_date"
GROSS,1760673600,no,1581,"2025-10-17"
CATTY,1760587200,no,1580,"2025-10-16"
SPOOF,1760500800,no,1579,"2025-10-15"
FORUM,1760414400,no,1578,"2025-10-14"
BEARD,1760328000,no,1577,"2025-10-13"
WOUND,1760241600,no,1576,"2025-10-12"
STACK,1760155200,no,1575,"2025-10-11"
LEVER,1760068800,no,1574,"2025-10-10"
HARDY,1759982400,no,1573,"2025-10-9"
ANNOY,1759896000,no,1572,"2025-10-8"
NYLON,1759809600,no,1571,"2025-10-7"
AMUSE,1759723200,no,1570,"2025-10-6"
PLANE,1759636800,no,1569,"2025-10-5"
RELAY,1759550400,no,1568,"2025-10-4"
SPASM,1759464000,no,1567,"2025-10-3"
WIDTH,1759377600,no,1566,"2025-10-2"
SPOIL,1759291200,no,1565,"2025-10-1"
GEESE,1759204800,no,1564,"2025-09-30"
CIVIL,1759118400,no,1563,"2025-09-29"
GOOEY,1759032000,no,1562,"2025-09-28"
FRITZ,1758945600,no,1561,"2025-09-27"
DALLY,1758859200,no,1560,"2025-09-26"
DRAPE,1758772800,no,1559,"2025-09-25"
BLUNT,1758686400,no,1558,"2025-09-24"
MOUTH,1758600000,no,1557,"2025-09-23"
QUILL,1758513600,no,1556,"2025-09-22"
COVEN,1758427200,no,1555,"2025-09-21"
DEFER,1758340800,no,1554,"2025-09-20"
LATER,1758254400,no,1553,"2025-09-19"
KNIFE,1758168000,no,1552,"2025-09-18"
TEETH,1758081600,no,1551,"2025-09-17"
LEFTY,1757995200,no,1550,"2025-09-16"
ALONG,1757908800,no,1549,"2025-09-15"
NOISY,1757822400,no,1548,"2025-09-14"
NADIR,1757736000,no,1547,"2025-09-13"
THROB,1757649600,no,1546,"2025-09-12"
CHAIR,1757563200,no,1545,"2025-09-11"
POUTY,1757476800,no,1544,"2025-09-10"
TRICK,1757390400,no,1543,"2025-09-9"
CHIRP,1757304000,no,1542,"2025-09-8"
TENOR,1757217600,no,1541,"2025-09-7"
BULGE,1757131200,no,1540,"2025-09-6"
DRIFT,1757044800,no,1539,"2025-09-5"
BLEND,1756958400,no,1538,"2025-09-4"
FETCH,1756872000,no,1537,"2025-09-3"
MIGHT,1756785600,no,1536,"2025-09-2"
LEAST,1756699200,no,1535,"2025-09-1"
PETAL,1756612800,no,1534,"2025-08-31"
ELATE,1756526400,no,1533,"2025-08-30"
GRAFT,1756440000,no,1532,"2025-08-29"
SPLIT,1756353600,no,1531,"2025-08-28"
TOWER,1756267200,no,1530,"2025-08-27"
ANNEX,1756180800,no,1529,"2025-08-26"
MIRTH,1756094400,no,1528,"2025-08-25"
SPORE,1756008000,no,1527,"2025-08-24"
UNION,1755921600,no,1526,"2025-08-23"
RATTY,1755835200,no,1525,"2025-08-22"
EXTOL,1755748800,no,1524,"2025-08-21"
LLAMA,1755662400,no,1523,"2025-08-20"
ROWDY,1755576000,no,1522,"2025-08-19"
ISSUE,1755489600,no,1521,"2025-08-18"
LOUSY,1755403200,no,1520,"2025-08-17"
MATTE,1755316800,no,1519,"2025-08-16"
LEVEL,1755230400,no,1518,"2025-08-15"
KNELL,1755144000,no,1517,"2025-08-14"
KEFIR,1755057600,no,1516,"2025-08-13"
NOMAD,1754971200,no,1515,"2025-08-12"
SOUTH,1754884800,no,1514,"2025-08-11"
MINTY,1754798400,no,1513,"2025-08-10"
NASAL,1754712000,no,1512,"2025-08-9"
IMBUE,1754625600,no,1511,"2025-08-8"
CORAL,1754539200,no,1510,"2025-08-7"
GROAN,1754452800,no,1509,"2025-08-6"
STORK,1754366400,no,1508,"2025-08-5"
RIGID,1754280000,no,1507,"2025-08-4"
LUMPY,1754193600,no,1506,"2025-08-3"
DAUNT,1754107200,no,1505,"2025-08-2"
BANJO,1754020800,no,1504,"2025-08-1"
FRILL,1753934400,no,1503,"2025-07-31"
ASSAY,1753848000,no,1502,"2025-07-30"
OMEGA,1753761600,no,1501,"2025-07-29"
SAVVY,1753675200,no,1500,"2025-07-28"
WHOLE,1753588800,no,1499,"2025-07-27"
HAUNT,1753502400,no,1498,"2025-07-26"
GOFER,1753416000,no,1497,"2025-07-25"
QUAKE,1753329600,no,1496,"2025-07-24"
WATER,1753243200,no,1495,"2025-07-23"
BURNT,1753156800,no,1494,"2025-07-22"
TIZZY,1753070400,no,1493,"2025-07-21"
BLANK,1752984000,no,1492,"2025-07-20"
SWORD,1752897600,no,1491,"2025-07-19"
LORIS,1752811200,no,1490,"2025-07-18"
MODAL,1752724800,no,1489,"2025-07-17"
NERVY,1752638400,no,1488,"2025-07-16"
FOIST,1752552000,no,1487,"2025-07-15"
UNDID,1752465600,no,1486,"2025-07-14"
GNOME,1752379200,no,1485,"2025-07-13"
EXILE,1752292800,no,1484,"2025-07-12"
BRAND,1752206400,no,1483,"2025-07-11"
JUMPY,1752120000,no,1482,"2025-07-10"
NOVEL,1752033600,no,1481,"2025-07-9"
DREAD,1751947200,no,1480,"2025-07-8"
STILT,1751860800,no,1479,"2025-07-7"
ATRIA,1751774400,no,1478,"2025-07-6"
BALER,1751688000,no,1477,"2025-07-5"
CURVE,1751601600,no,1476,"2025-07-4"
POPPY,1751515200,no,1475,"2025-07-3"
INCUR,1751428800,no,1474,"2025-07-2"
MOLDY,1751342400,no,1473,"2025-07-1"
BLINK,1751256000,no,1472,"2025-06-30"
WITTY,1751169600,no,1471,"2025-06-29"
STUMP,1751083200,no,1470,"2025-06-28"
PLAIN,1750996800,no,1469,"2025-06-27"
OFFER,1750910400,no,1468,"2025-06-26"
COMFY,1750824000,no,1467,"2025-06-25"
ELITE,1750737600,no,1466,"2025-06-24"
ODDLY,1750651200,no,1465,"2025-06-23"
THRUM,1750564800,no,1464,"2025-06-22"
GLADE,1750478400,no,1463,"2025-06-21"
TAUPE,1750392000,no,1462,"2025-06-20"
CURIO,1750305600,no,1461,"2025-06-19"
MUNCH,1750219200,no,1460,"2025-06-18"
PRANK,1750132800,no,1459,"2025-06-17"
PETTY,1750046400,no,1458,"2025-06-16"
QUAIL,1749960000,no,1457,"2025-06-15"
GHOST,1749873600,no,1456,"2025-06-14"
BILGE,1749787200,no,1455,"2025-06-13"
VIXEN,1749700800,no,1454,"2025-06-12"
PLAID,1749614400,no,1453,"2025-06-11"
TAFFY,1749528000,no,1452,"2025-06-10"
BOARD,1749441600,no,1451,"2025-06-9"
LEASE,1749355200,no,1450,"2025-06-8"
REUSE,1749268800,no,1449,"2025-06-7"
EDIFY,1749182400,no,1448,"2025-06-6"
DATUM,1749096000,no,1447,"2025-06-5"
CEASE,1749009600,no,1446,"2025-06-4"
ADMIN,1748923200,no,1445,"2025-06-3"
PREEN,1748836800,no,1444,"2025-06-2"
ROUGH,1748750400,no,1443,"2025-06-1"
HABIT,1748664000,no,1442,"2025-05-31"
IDIOM,1748577600,no,1441,"2025-05-30"
QUASH,1748491200,no,1440,"2025-05-29"
POLAR,1748404800,no,1439,"2025-05-28"
SPORT,1748318400,no,1438,"2025-05-27"
DRONE,1748232000,no,1437,"2025-05-26"
GRIFT,1748145600,no,1436,"2025-05-25"
SUEDE,1748059200,no,1435,"2025-05-24"
SHUCK,1747972800,no,1434,"2025-05-23"
FOLIO,1747886400,no,1433,"2025-05-22"
ALARM,1747800000,no,1432,"2025-05-21"
BORNE,1747713600,no,1431,"2025-05-20"
PITCH,1747627200,no,1430,"2025-05-19"
LIVID,1747540800,no,1429,"2025-05-18"
GROWN,1747454400,no,1428,"2025-05-17"
FIFTH,1747368000,no,1427,"2025-05-16"
EAGER,1747281600,no,1426,"2025-05-15"
BONGO,1747195200,no,1425,"2025-05-14"
AWARE,1747108800,no,1424,"2025-05-13"
BICEP,1747022400,no,1423,"2025-05-12"
DOWEL,1746936000,no,1422,"2025-05-11"
YEAST,1746849600,no,1421,"2025-05-10"
TRIPE,1746763200,no,1420,"2025-05-9"
BALMY,1746676800,no,1419,"2025-05-8"
MACHO,1746590400,no,1418,"2025-05-7"
SUITE,1746504000,no,1417,"2025-05-6"
SHUSH,1746417600,no,1416,"2025-05-5"
TROUT,1746331200,no,1415,"2025-05-4"
PATSY,1746244800,no,1414,"2025-05-3"
WHOSE,1746158400,no,1413,"2025-05-2"
ADEPT,1746072000,no,1412,"2025-05-1"
IDLER,1745985600,no,1411,"2025-04-30"
BLISS,1745899200,no,1410,"2025-04-29"
DUMMY,1745812800,no,1409,"2025-04-28"
WEEDY,1745726400,no,1408,"2025-04-27"
CLASH,1745640000,no,1407,"2025-04-26"
KNOWN,1745553600,no,1406,"2025-04-25"
GENIE,1745467200,no,1405,"2025-04-24"
OZONE,1745380800,no,1404,"2025-04-23"
ARTSY,1745294400,no,1403,"2025-04-22"
SPATE,1745208000,no,1402,"2025-04-21"
PATCH,1745121600,no,1401,"2025-04-20"
INBOX,1745035200,no,1400,"2025-04-19"
DIRGE,1744948800,no,1399,"2025-04-18"
STOOD,1744862400,no,1398,"2025-04-17"
MORAL,1744776000,no,1397,"2025-04-16"
ASHEN,1744689600,no,1396,"2025-04-15"
CREST,1744603200,no,1395,"2025-04-14"
LAUGH,1744516800,no,1394,"2025-04-13"
NURSE,1744430400,no,1393,"2025-04-12"
ARROW,1744344000,no,1392,"2025-04-11"
TURBO,1744257600,no,1391,"2025-04-10"
WHEAT,1744171200,no,1390,"2025-04-9"
SPARE,1744084800,no,1389,"2025-04-8"
HAZEL,1743998400,no,1388,"2025-04-7"
VILLA,1743912000,no,1387,"2025-04-6"
FOAMY,1743825600,no,1386,"2025-04-5"
KRILL,1743739200,no,1385,"2025-04-4"
SHEAR,1743652800,no,1384,"2025-04-3"
CURSE,1743566400,no,1383,"2025-04-2"
JEWEL,1743480000,no,1382,"2025-04-1"
BOOTY,1743393600,no,1381,"2025-03-31"
QUOTA,1743307200,no,1380,"2025-03-30"
SORRY,1743220800,no,1379,"2025-03-29"
VERSE,1743134400,no,1378,"2025-03-28"
SHEET,1743048000,no,1377,"2025-03-27"
ELBOW,1742961600,no,1376,"2025-03-26"
SHELF,1742875200,no,1375,"2025-03-25"
ANGLE,1742788800,no,1374,"2025-03-24"
DOPEY,1742702400,no,1373,"2025-03-23"
AMBLE,1742616000,no,1372,"2025-03-22"
NUDGE,1742529600,no,1371,"2025-03-21"
BASTE,1742443200,no,1370,"2025-03-20"
SPARK,1742356800,no,1369,"2025-03-19"
TIMER,1742270400,no,1368,"2025-03-18"
LASSO,1742184000,no,1367,"2025-03-17"
STAMP,1742097600,no,1366,"2025-03-16"
LADLE,1742011200,no,1365,"2025-03-15"
PIECE,1741924800,no,1364,"2025-03-14"
CHASE,1741838400,no,1363,"2025-03-13"
MANGO,1741752000,no,1362,"2025-03-12"
TRACK,1741665600,no,1361,"2025-03-11"
SPITE,1741579200,no,1360,"2025-03-10"
GREED,1741496400,no,1359,"2025-03-9"
NAVEL,1741410000,no,1358,"2025-03-8"
TROOP,1741323600,no,1357,"2025-03-7"
ALERT,1741237200,no,1356,"2025-03-6"
SCRUM,1741150800,no,1355,"2025-03-5"
CHECK,1741064400,no,1354,"2025-03-4"
SPEAR,1740978000,no,1353,"2025-03-3"
DEITY,1740891600,no,1352,"2025-03-2"
HOVER,1740805200,no,1351,"2025-03-1"
FUZZY,1740718800,no,1350,"2025-02-28"
LODGE,1740632400,no,1349,"2025-02-27"
AWARD,1740546000,no,1348,"2025-02-26"
DRYER,1740459600,no,1347,"2025-02-25"
GLAND,1740373200,no,1346,"2025-02-24"
OTTER,1740286800,no,1345,"2025-02-23"
CREAM,1740200400,no,1344,"2025-02-22"
CLOVE,1740114000,no,1343,"2025-02-21"
ROACH,1740027600,no,1342,"2025-02-20"
MADLY,1739941200,no,1341,"2025-02-19"
INDIE,1739854800,no,1340,"2025-02-18"
TRAIL,1739768400,no,1339,"2025-02-17"
SUAVE,1739682000,no,1338,"2025-02-16"
CROOK,1739595600,no,1337,"2025-02-15"
DITTY,1739509200,no,1336,"2025-02-14"
RUMBA,1739422800,no,1335,"2025-02-13"
RAPID,1739336400,no,1334,"2025-02-12"
SCORE,1739250000,no,1333,"2025-02-11"
GOODY,1739163600,no,1332,"2025-02-10"
BONUS,1739077200,no,1331,"2025-02-9"
STEEP,1738990800,no,1330,"2025-02-8"
SWATH,1738990800,no,1329,"2025-02-8"
PUPIL,1738818000,no,1328,"2025-02-6"
PEDAL,1738731600,no,1327,"2025-02-5"
TOOTH,1738645200,no,1326,"2025-02-4"
REVUE,1738558800,no,1325,"2025-02-3"
CHORE,1738472400,no,1324,"2025-02-2"
RIVET,1738386000,no,1323,"2025-02-1"
TOAST,1738299600,no,1322,"2025-01-31"
FALSE,1738213200,no,1321,"2025-01-30"
UDDER,1738126800,no,1320,"2025-01-29"
FEVER,1738040400,no,1319,"2025-01-28"
SHUNT,1737954000,no,1318,"2025-01-27"
SUNNY,1737867600,no,1317,"2025-01-26"
CRISP,1737781200,no,1316,"2025-01-25"
CREPE,1737694800,no,1315,"2025-01-24"
UPPER,1737608400,no,1314,"2025-01-23"
REACH,1737522000,no,1313,"2025-01-22"
ICING,1737435600,no,1312,"2025-01-21"
SQUID,1737349200,no,1311,"2025-01-20"
ROWER,1737262800,no,1310,"2025-01-19"
SILLY,1737176400,no,1309,"2025-01-18"
PROSE,1737090000,no,1308,"2025-01-17"
FLINT,1737003600,no,1307,"2025-01-16"
KNACK,1736917200,no,1306,"2025-01-15"
FANCY,1736830800,no,1305,"2025-01-14"
CLOAK,1736744400,no,1304,"2025-01-13"
TOTAL,1736658000,no,1303,"2025-01-12"
DINGY,1736571600,no,1302,"2025-01-11"
CRAWL,1736485200,no,1301,"2025-01-10"
WAFER,1736398800,no,1300,"2025-01-9"
DRAFT,1736312400,no,1299,"2025-01-8"
ATLAS,1736226000,no,1298,"2025-01-7"
SPRIG,1736139600,no,1297,"2025-01-6"
CYBER,1736053200,no,1296,"2025-01-5"
RELAX,1735966800,no,1295,"2025-01-4"
CHEAP,1735880400,no,1294,"2025-01-3"
CHOSE,1735794000,no,1293,"2025-01-2"
NERVE,1735707600,no,1292,"2025-01-1"
LEMUR,1735621200,no,1291,"2024-12-31"
STARE,1735534800,no,1290,"2024-12-30"
MAMBO,1735448400,no,1289,"2024-12-29"
DECRY,1735362000,no,1288,"2024-12-28"
GRAIN,1735275600,no,1287,"2024-12-27"
AFFIX,1735189200,no,1286,"2024-12-26"
SHARE,1735102800,no,1285,"2024-12-25"
EAGLE,1735016400,no,1284,"2024-12-24"
SAUNA,1734930000,no,1283,"2024-12-23"
BRAWN,1734843600,no,1282,"2024-12-22"
BLADE,1734757200,no,1281,"2024-12-21"
FLASH,1734670800,no,1280,"2024-12-20"
STRAY,1734584400,no,1279,"2024-12-19"
HEFTY,1734498000,no,1278,"2024-12-18"
SCOWL,1734411600,no,1277,"2024-12-17"
BOAST,1734325200,no,1276,"2024-12-16"
FUNKY,1734238800,no,1275,"2024-12-15"
DROOL,1734152400,no,1274,"2024-12-14"
BOXER,1734066000,no,1273,"2024-12-13"
VYING,1733979600,no,1272,"2024-12-12"
PLUMB,1733893200,no,1271,"2024-12-11"
PATIO,1733806800,no,1270,"2024-12-10"
FLUNG,1733720400,no,1269,"2024-12-9"
HYENA,1733634000,no,1268,"2024-12-8"
HILLY,1733547600,no,1267,"2024-12-7"
SHOVE,1733461200,no,1266,"2024-12-6"
ENDOW,1733374800,no,1265,"2024-12-5"
CRYPT,1733288400,no,1264,"2024-12-4"
SHAKY,1733202000,no,1263,"2024-12-3"
GUILE,1733115600,no,1262,"2024-12-2"
MAUVE,1733029200,no,1261,"2024-12-1"
DOGMA,1732942800,no,1260,"2024-11-30"
HIPPO,1732856400,no,1259,"2024-11-29"
CHOCK,1732770000,no,1258,"2024-11-28"
SLANG,1732683600,no,1257,"2024-11-27"
WITCH,1732597200,no,1256,"2024-11-26"
BROWN,1732510800,no,1255,"2024-11-25"
TWIST,1732424400,no,1254,"2024-11-24"
JELLY,1732338000,no,1253,"2024-11-23"
PEARL,1732251600,no,1252,"2024-11-22"
SPINE,1732165200,no,1251,"2024-11-21"
NICHE,1732078800,no,1250,"2024-11-20"
GOING,1731992400,no,1249,"2024-11-19"
FRAIL,1731906000,no,1248,"2024-11-18"
TALLY,1731819600,no,1247,"2024-11-17"
VISOR,1731733200,no,1246,"2024-11-16"
TACKY,1731646800,no,1245,"2024-11-15"
UVULA,1731560400,no,1244,"2024-11-14"
PRIMP,1731474000,no,1243,"2024-11-13"
FLOWN,1731387600,no,1242,"2024-11-12"
STOIC,1731301200,no,1241,"2024-11-11"
INNER,1731214800,no,1240,"2024-11-10"
SWELL,1731128400,no,1239,"2024-11-9"
READY,1731042000,no,1238,"2024-11-8"
EVENT,1730955600,no,1237,"2024-11-7"
TRULY,1730869200,no,1236,"2024-11-6"
OCTET,1730782800,no,1235,"2024-11-5"
VINYL,1730696400,no,1234,"2024-11-4"
BLAZE,1730606400,no,1233,"2024-11-3"
SNOOP,1730520000,no,1232,"2024-11-2"
SIXTH,1730433600,no,1231,"2024-11-1"
WEIRD,1730347200,no,1230,"2024-10-31"
EASEL,1730260800,no,1229,"2024-10-30"
TUNIC,1730174400,no,1228,"2024-10-29"
BAWDY,1730088000,no,1227,"2024-10-28"
SANDY,1730001600,no,1226,"2024-10-27"
WREAK,1729915200,no,1225,"2024-10-26"
FROWN,1729828800,no,1224,"2024-10-25"
BOSSY,1729742400,no,1223,"2024-10-24"
GOOFY,1729656000,no,1222,"2024-10-23"
SHOUT,1729569600,no,1221,"2024-10-22"
SPOON,1729483200,no,1220,"2024-10-21"
DICEY,1729396800,no,1219,"2024-10-20"
FIBER,1729310400,no,1218,"2024-10-19"
STINT,1729224000,no,1217,"2024-10-18"
HALVE,1729137600,no,1216,"2024-10-17"
GRANT,1729051200,no,1215,"2024-10-16"
CORER,1728964800,no,1214,"2024-10-15"
GAMUT,1728878400,no,1213,"2024-10-14"
PRONE,1728792000,no,1212,"2024-10-13"
STAIN,1728705600,no,1211,"2024-10-12"
GUSTY,1728619200,no,1210,"2024-10-11"
CARVE,1728532800,no,1209,"2024-10-10"
MOMMY,1728446400,no,1208,"2024-10-9"
JOINT,1728360000,no,1207,"2024-10-8"
FLOUR,1728273600,no,1206,"2024-10-7"
LAGER,1728187200,no,1205,"2024-10-6"
MINER,1728100800,no,1204,"2024-10-5"
TITLE,1728014400,no,1203,"2024-10-4"
WAGON,1727928000,no,1202,"2024-10-3"
SHELL,1727841600,no,1201,"2024-10-2"
MODEM,1727755200,no,1200,"2024-10-1"
CLOUD,1727668800,no,1199,"2024-09-30"
RIDER,1727582400,no,1198,"2024-09-29"
BRAIN,1727496000,no,1197,"2024-09-28"
FAITH,1727409600,no,1196,"2024-09-27"
THANK,1727323200,no,1195,"2024-09-26"
TORCH,1727236800,no,1194,"2024-09-25"
HANDY,1727150400,no,1193,"2024-09-24"
STEAM,1727064000,no,1192,"2024-09-23"
TEACH,1726977600,no,1191,"2024-09-22"
SEVEN,1726891200,no,1190,"2024-09-21"
SMOKE,1726804800,no,1189,"2024-09-20"
PRESS,1726718400,no,1188,"2024-09-19"
FULLY,1726632000,no,1187,"2024-09-18"
BEAUT,1726545600,no,1186,"2024-09-17"
HONEY,1726459200,no,1185,"2024-09-16"
RECUR,1726372800,no,1184,"2024-09-15"
BROAD,1726286400,no,1183,"2024-09-14"
HARSH,1726200000,no,1182,"2024-09-13"
BRASS,1726113600,no,1181,"2024-09-12"
AISLE,1726027200,no,1180,"2024-09-11"
REBEL,1725940800,no,1179,"2024-09-10"
DEBIT,1725854400,no,1178,"2024-09-9"
DRAWN,1725768000,no,1177,"2024-09-8"
OWNER,1725681600,no,1176,"2024-09-7"
RERUN,1725595200,no,1175,"2024-09-6"
WIDEN,1725508800,no,1174,"2024-09-5"
STERN,1725422400,no,1173,"2024-09-4"
FAINT,1725336000,no,1172,"2024-09-3"
CAMEL,1725249600,no,1171,"2024-09-2"
MUSHY,1725163200,no,1170,"2024-09-1"
SPOUT,1725076800,no,1169,"2024-08-31"
KNAVE,1724990400,no,1168,"2024-08-30"
FLUNK,1724904000,no,1167,"2024-08-29"
LITHE,1724817600,no,1166,"2024-08-28"
CROWN,1724731200,no,1165,"2024-08-27"
STAKE,1724644800,no,1164,"2024-08-26"
SKATE,1724558400,no,1163,"2024-08-25"
FILET,1724472000,no,1162,"2024-08-24"
LEECH,1724385600,no,1161,"2024-08-23"
BRUTE,1724299200,no,1160,"2024-08-22"
MULCH,1724212800,no,1159,"2024-08-21"
DELAY,1724126400,no,1158,"2024-08-20"
METER,1724040000,no,1157,"2024-08-19"
LANKY,1723953600,no,1156,"2024-08-18"
STORM,1723867200,no,1155,"2024-08-17"
BRACE,1723780800,no,1154,"2024-08-16"
ACORN,1723694400,no,1153,"2024-08-15"
SHORE,1723608000,no,1152,"2024-08-14"
NEIGH,1723521600,no,1151,"2024-08-13"
SKIFF,1723435200,no,1150,"2024-08-12"
SCONE,1723348800,no,1149,"2024-08-11"
MEDIC,1723262400,no,1148,"2024-08-10"
OUNCE,1723176000,no,1147,"2024-08-9"
SAUCY,1723089600,no,1146,"2024-08-8"
MACAW,1723003200,no,1145,"2024-08-7"
ANVIL,1722916800,no,1144,"2024-08-6"
ENSUE,1722830400,no,1143,"2024-08-5"
LOWER,1722744000,no,1142,"2024-08-4"
SCALE,1722657600,no,1141,"2024-08-3"
FLAKE,1722571200,no,1140,"2024-08-2"
CHALK,1722484800,no,1139,"2024-08-1"
PENNE,1722398400,no,1138,"2024-07-31"
FERAL,1722312000,no,1137,"2024-07-30"
SUPER,1722225600,no,1136,"2024-07-29"
SMOCK,1722139200,no,1135,"2024-07-28"
JUICE,1722052800,no,1134,"2024-07-27"
AWASH,1721966400,no,1133,"2024-07-26"
PORCH,1721880000,no,1132,"2024-07-25"
FORTE,1721793600,no,1131,"2024-07-24"
PRONG,1721707200,no,1130,"2024-07-23"
CADET,1721620800,no,1129,"2024-07-22"
SPECK,1721534400,no,1128,"2024-07-21"
SHAFT,1721448000,no,1127,"2024-07-20"
REFER,1721361600,no,1126,"2024-07-19"
NERDY,1721275200,no,1125,"2024-07-18"
QUITE,1721188800,no,1124,"2024-07-17"
DECOY,1721102400,no,1123,"2024-07-16"
SWOON,1721016000,no,1122,"2024-07-15"
VIDEO,1720929600,no,1121,"2024-07-14"
ENACT,1720843200,no,1120,"2024-07-13"
JIFFY,1720756800,no,1119,"2024-07-12"
CAMEO,1720670400,no,1118,"2024-07-11"
GAUNT,1720584000,no,1117,"2024-07-10"
BLARE,1720497600,no,1116,"2024-07-9"
SHAPE,1720411200,no,1115,"2024-07-8"
CANON,1720324800,no,1114,"2024-07-7"
SCOFF,1720238400,no,1113,"2024-07-6"
CRUSH,1720152000,no,1112,"2024-07-5"
DEBUT,1720065600,no,1111,"2024-07-4"
THIGH,1719979200,no,1110,"2024-07-3"
INLAY,1719892800,no,1109,"2024-07-2"
ADAGE,1719806400,no,1108,"2024-07-1"
BUDDY,1719720000,no,1107,"2024-06-30"
ZEBRA,1719633600,no,1106,"2024-06-29"
DROVE,1719547200,no,1105,"2024-06-28"
ORDER,1719460800,no,1104,"2024-06-27"
KNEAD,1719374400,no,1103,"2024-06-26"
SAVOR,1719288000,no,1102,"2024-06-25"
DOLLY,1719201600,no,1101,"2024-06-24"
BUGLE,1719115200,no,1100,"2024-06-23"
EDICT,1719028800,no,1099,"2024-06-22"
PAINT,1718942400,no,1098,"2024-06-21"
SCENT,1718856000,no,1097,"2024-06-20"
TERSE,1718769600,no,1096,"2024-06-19"
COVER,1718683200,no,1095,"2024-06-18"
PRIOR,1718596800,no,1094,"2024-06-17"
GRIND,1718510400,no,1093,"2024-06-16"
PROUD,1718424000,no,1092,"2024-06-15"
VAULT,1718337600,no,1091,"2024-06-14"
ANGST,1718251200,no,1090,"2024-06-13"
DETER,1718164800,no,1089,"2024-06-12"
SWUNG,1718078400,no,1088,"2024-06-11"
MANGA,1717992000,no,1087,"2024-06-10"
CROWD,1717905600,no,1086,"2024-06-9"
HENCE,1717819200,no,1085,"2024-06-8"
MELON,1717732800,no,1084,"2024-06-7"
ETHER,1717646400,no,1083,"2024-06-6"
ORGAN,1717560000,no,1082,"2024-06-5"
GROOM,1717473600,no,1081,"2024-06-4"
STARK,1717387200,no,1080,"2024-06-3"
BRAVO,1717300800,no,1079,"2024-06-2"
BASIN,1717214400,no,1078,"2024-06-1"
CHAOS,1717128000,no,1077,"2024-05-31"
GUMMY,1717041600,no,1076,"2024-05-30"
PAPAL,1716955200,no,1075,"2024-05-29"
MINUS,1716868800,no,1074,"2024-05-28"
SKIER,1716782400,no,1073,"2024-05-27"
BEVEL,1716696000,no,1072,"2024-05-26"
TITAN,1716609600,no,1071,"2024-05-25"
GLIDE,1716523200,no,1070,"2024-05-24"
SWISH,1716436800,no,1069,"2024-05-23"
EXALT,1716350400,no,1068,"2024-05-22"
DINGO,1716264000,no,1067,"2024-05-21"
NICER,1716177600,no,1066,"2024-05-20"
HITCH,1716091200,no,1065,"2024-05-19"
BRINY,1716004800,no,1064,"2024-05-18"
TUTOR,1715918400,no,1063,"2024-05-17"
STALL,1715832000,no,1062,"2024-05-16"
PINCH,1715745600,no,1061,"2024-05-15"
AMASS,1715659200,no,1060,"2024-05-14"
CUMIN,1715572800,no,1059,"2024-05-13"
OUTER,1715486400,no,1058,"2024-05-12"
TIDAL,1715400000,no,1057,"2024-05-11"
MEDIA,1715313600,no,1056,"2024-05-10"
JERKY,1715227200,no,1055,"2024-05-9"
PIOUS,1715140800,no,1054,"2024-05-8"
MUSTY,1715054400,no,1053,"2024-05-7"
SHAVE,1714968000,no,1052,"2024-05-6"
DECAL,1714881600,no,1051,"2024-05-5"
VALUE,1714795200,no,1050,"2024-05-4"
EBONY,1714708800,no,1049,"2024-05-3"
SLICE,1714622400,no,1048,"2024-05-2"
DIARY,1714536000,no,1047,"2024-05-1"
PROWL,1714449600,no,1046,"2024-04-30"
CRAFT,1714363200,no,1045,"2024-04-29"
PRUNE,1714276800,no,1044,"2024-04-28"
GLEAM,1714190400,no,1043,"2024-04-27"
VAPID,1714104000,no,1042,"2024-04-26"
INTRO,1714017600,no,1041,"2024-04-25"
OVERT,1713931200,no,1040,"2024-04-24"
ROVER,1713844800,no,1039,"2024-04-23"
LASER,1713758400,no,1038,"2024-04-22"
JOLLY,1713672000,no,1037,"2024-04-21"
LUCID,1713585600,no,1036,"2024-04-20"
RAISE,1713499200,no,1035,"2024-04-19"
FACET,1713412800,no,1034,"2024-04-18"
TITHE,1713326400,no,1033,"2024-04-17"
SHANK,1713240000,no,1032,"2024-04-16"
EQUIP,1713153600,no,1031,"2024-04-15"
BLIMP,1713067200,no,1030,"2024-04-14"
STEEL,1712980800,no,1029,"2024-04-13"
WHINY,1712894400,no,1028,"2024-04-12"
LOUSE,1712808000,no,1027,"2024-04-11"
BROTH,1712721600,no,1026,"2024-04-10"
MERGE,1712635200,no,1025,"2024-04-9"
BREED,1712548800,no,1024,"2024-04-8"
VOILA,1712462400,no,1023,"2024-04-7"
FINCH,1712376000,no,1022,"2024-04-6"
WRIST,1712289600,no,1021,"2024-04-5"
CLIMB,1712203200,no,1020,"2024-04-4"
PLAIT,1712116800,no,1019,"2024-04-3"
SERUM,1712030400,no,1018,"2024-04-2"
FROND,1711944000,no,1017,"2024-04-1"
TABOO,1711857600,no,1016,"2024-03-31"
FORCE,1711771200,no,1015,"2024-03-30"
REALM,1711684800,no,1014,"2024-03-29"
SPEAK,1711598400,no,1013,"2024-03-28"
STUNG,1711512000,no,1012,"2024-03-27"
MAYOR,1711425600,no,1011,"2024-03-26"
SALLY,1711339200,no,1010,"2024-03-25"
TOWEL,1711252800,no,1009,"2024-03-24"
RISEN,1711166400,no,1008,"2024-03-23"
DECAY,1711080000,no,1007,"2024-03-22"
SHADE,1710993600,no,1006,"2024-03-21"
LINGO,1710907200,no,1005,"2024-03-20"
ABIDE,1710820800,no,1004,"2024-03-19"
SPELT,1710734400,no,1003,"2024-03-18"
SNORT,1710648000,no,1002,"2024-03-17"
TOXIN,1710561600,no,1001,"2024-03-16"
ERUPT,1710475200,no,1000,"2024-03-15"
SINCE,1710388800,no,999,"2024-03-14"
LOCAL,1710302400,no,998,"2024-03-13"
HEAVE,1710216000,no,997,"2024-03-12"
PESKY,1710129600,no,996,"2024-03-11"
GRASP,1710046800,no,995,"2024-03-10"
CHEER,1709960400,no,994,"2024-03-9"
EARLY,1709874000,no,993,"2024-03-8"
CLONE,1709787600,no,992,"2024-03-7"
TEARY,1709701200,no,991,"2024-03-6"
HUNCH,1709614800,no,990,"2024-03-5"
FLAME,1709528400,no,989,"2024-03-4"
STATE,1709442000,no,988,"2024-03-3"
URBAN,1709355600,no,987,"2024-03-2"
FORTY,1709269200,no,986,"2024-03-1"
IMAGE,1709182800,no,985,"2024-02-29"
DEVIL,1709096400,no,984,"2024-02-28"
SENSE,1709010000,no,983,"2024-02-27"
OFTEN,1708923600,no,982,"2024-02-26"
SMITH,1708837200,no,981,"2024-02-25"
PIPER,1708750800,no,980,"2024-02-24"
APART,1708664400,no,979,"2024-02-23"
HEAVY,1708578000,no,978,"2024-02-22"
BUILD,1708491600,no,977,"2024-02-21"
MATCH,1708405200,no,976,"2024-02-20"
PRICE,1708318800,no,975,"2024-02-19"
RIDGE,1708232400,no,974,"2024-02-18"
PSALM,1708146000,no,973,"2024-02-17"
STASH,1708059600,no,972,"2024-02-16"
ASCOT,1707973200,no,971,"2024-02-15"
TALON,1707886800,no,970,"2024-02-14"
SCRAM,1707800400,no,969,"2024-02-13"
PASTA,1707714000,no,968,"2024-02-12"
NEVER,1707627600,no,967,"2024-02-11"
FRIED,1707541200,no,966,"2024-02-10"
STIFF,1707454800,no,965,"2024-02-9"
PLACE,1707368400,no,964,"2024-02-8"
AFTER,1707282000,no,963,"2024-02-7"
WHICH,1707195600,no,962,"2024-02-6"
REPEL,1707109200,no,961,"2024-02-5"
VERGE,1707022800,no,960,"2024-02-4"
MICRO,1706936400,no,959,"2024-02-3"
CLEFT,1706850000,no,958,"2024-02-2"
ALIVE,1706763600,no,957,"2024-02-1"
BULKY,1706677200,no,956,"2024-01-31"
EXPEL,1706590800,no,955,"2024-01-30"
LEGGY,1706504400,no,954,"2024-01-29"
EMBER,1706418000,no,953,"2024-01-28"
SNAKE,1706331600,no,952,"2024-01-27"
ALOOF,1706245200,no,951,"2024-01-26"
BLOCK,1706158800,no,950,"2024-01-25"
RELIC,1706072400,no,949,"2024-01-24"
STILL,1705986000,no,948,"2024-01-23"
TWEAK,1705899600,no,947,"2024-01-22"
NORTH,1705813200,no,946,"2024-01-21"
LARGE,1705726800,no,945,"2024-01-20"
THING,1705640400,no,944,"2024-01-19"
STOLE,1705554000,no,943,"2024-01-18"
COURT,1705467600,no,942,"2024-01-17"
BLOND,1705381200,no,941,"2024-01-16"
LUNCH,1705294800,no,940,"2024-01-15"
DOING,1705208400,no,939,"2024-01-14"
HEARD,1705122000,no,938,"2024-01-13"
ROUTE,1705035600,no,937,"2024-01-12"
BRIEF,1704949200,no,936,"2024-01-11"
THREW,1704862800,no,935,"2024-01-10"
LINER,1704776400,no,934,"2024-01-9"
FINAL,1704690000,no,933,"2024-01-8"
STONY,1704603600,no,932,"2024-01-7"
CABLE,1704517200,no,931,"2024-01-6"
LUNGE,1704430800,no,930,"2024-01-5"
SCANT,1704344400,no,929,"2024-01-4"
TWIRL,1704258000,no,928,"2024-01-3"
AGING,1704171600,no,927,"2024-01-2"
MURAL,1704085200,no,926,"2024-01-1"
SALTY,1703998800,no,925,"2023-12-31"
THREE,1703912400,no,924,"2023-12-30"
CHILD,1703826000,no,923,"2023-12-29"
LEARN,1703739600,no,922,"2023-12-28"
DAISY,1703653200,no,921,"2023-12-27"
PHONE,1703566800,no,920,"2023-12-26"
EVOKE,1703480400,no,919,"2023-12-25"
GRACE,1703394000,no,918,"2023-12-24"
SLOPE,1703307600,no,917,"2023-12-23"
TOUCH,1703221200,no,916,"2023-12-22"
BUILT,1703134800,no,915,"2023-12-21"
SMALL,1703048400,no,914,"2023-12-20"
TABLE,1702962000,no,913,"2023-12-19"
FUNNY,1702875600,no,912,"2023-12-18"
BACON,1702789200,no,911,"2023-12-17"
GLOBE,1702702800,no,910,"2023-12-16"
TOPIC,1702616400,no,909,"2023-12-15"
WOULD,1702530000,no,908,"2023-12-14"
SPENT,1702443600,no,907,"2023-12-13"
THESE,1702357200,no,906,"2023-12-12"
HOUSE,1702270800,no,905,"2023-12-11"
CHAIN,1702184400,no,904,"2023-12-10"
SHIFT,1702098000,no,903,"2023-12-9"
SHARP,1702011600,no,902,"2023-12-8"
SLEEP,1701925200,no,901,"2023-12-7"
WOMAN,1701838800,no,900,"2023-12-6"
YOUNG,1701752400,no,899,"2023-12-5"
WORST,1701666000,no,898,"2023-12-4"
ADAPT,1701579600,no,897,"2023-12-3"
GENRE,1701493200,no,896,"2023-12-2"
TAKEN,1701406800,no,895,"2023-12-1"
RESIN,1701320400,no,894,"2023-11-30"
SUSHI,1701234000,no,893,"2023-11-29"
SCOPE,1701147600,no,892,"2023-11-28"
TAWNY,1701061200,no,891,"2023-11-27"
SOLID,1700974800,no,890,"2023-11-26"
GUIDE,1700888400,no,889,"2023-11-25"
THROW,1700802000,no,888,"2023-11-24"
QUEEN,1700715600,no,887,"2023-11-23"
PIXEL,1700629200,no,886,"2023-11-22"
PIANO,1700542800,no,885,"2023-11-21"
CANDY,1700456400,no,884,"2023-11-20"
QUEUE,1700370000,no,883,"2023-11-19"
THINK,1700283600,no,882,"2023-11-18"
TARDY,1700197200,no,881,"2023-11-17"
TRUST,1700110800,no,880,"2023-11-16"
SIGHT,1700024400,no,879,"2023-11-15"
SASSY,1699938000,no,878,"2023-11-14"
GREEN,1699851600,no,877,"2023-11-13"
MEANT,1699765200,no,876,"2023-11-12"
ACTOR,1699678800,no,875,"2023-11-11"
LEASH,1699592400,no,874,"2023-11-10"
GLAZE,1699506000,no,873,"2023-11-9"
NINJA,1699419600,no,872,"2023-11-8"
LIMIT,1699333200,no,871,"2023-11-7"
TRADE,1699246800,no,870,"2023-11-6"
FLARE,1699156800,no,869,"2023-11-5"
MANIA,1699070400,no,868,"2023-11-4"
ARDOR,1698984000,no,867,"2023-11-3"
UNTIL,1698897600,no,866,"2023-11-2"
NOISE,1698811200,no,865,"2023-11-1"
BLEAK,1698724800,no,864,"2023-10-31"
GRAIL,1698638400,no,863,"2023-10-30"
PHONY,1698552000,no,862,"2023-10-29"
MASON,1698465600,no,861,"2023-10-28"
NOBLE,1698379200,no,860,"2023-10-27"
PIQUE,1698292800,no,859,"2023-10-26"
RETRY,1698206400,no,858,"2023-10-25"
CAUSE,1698120000,no,857,"2023-10-24"
TEMPO,1698033600,no,856,"2023-10-23"
GIVEN,1697947200,no,855,"2023-10-22"
SMIRK,1697860800,no,854,"2023-10-21"
OCCUR,1697774400,no,853,"2023-10-20"
SPLAT,1697688000,no,852,"2023-10-19"
MERCY,1697601600,no,851,"2023-10-18"
ADULT,1697515200,no,850,"2023-10-17"
GRAPH,1697428800,no,849,"2023-10-16"
LEAKY,1697342400,no,848,"2023-10-15"
AGENT,1697256000,no,847,"2023-10-14"
UNCLE,1697169600,no,846,"2023-10-13"
KNELT,1697083200,no,845,"2023-10-12"
SKUNK,1696996800,no,844,"2023-10-11"
SNAIL,1696910400,no,843,"2023-10-10"
TRUTH,1696824000,no,842,"2023-10-9"
BINGE,1696737600,no,841,"2023-10-8"
VIOLA,1696651200,no,840,"2023-10-7"
CHIME,1696564800,no,839,"2023-10-6"
BUNCH,1696478400,no,838,"2023-10-5"
SPURT,1696392000,no,837,"2023-10-4"
WHILE,1696305600,no,836,"2023-10-3"
MERRY,1696219200,no,835,"2023-10-2"
BERET,1696132800,no,834,"2023-10-1"
DADDY,1696046400,no,833,"2023-09-30"
AZURE,1695960000,no,832,"2023-09-29"
COACH,1695873600,no,831,"2023-09-28"
SMILE,1695787200,no,830,"2023-09-27"
LOYAL,1695700800,no,829,"2023-09-26"
ROCKY,1695614400,no,828,"2023-09-25"
RIGHT,1695528000,no,827,"2023-09-24"
CAROL,1695441600,no,826,"2023-09-23"
BRUSH,1695355200,no,825,"2023-09-22"
STONE,1695268800,no,824,"2023-09-21"
SNARE,1695182400,no,823,"2023-09-20"
CLOSE,1695096000,no,822,"2023-09-19"
FRANK,1695009600,no,821,"2023-09-18"
MUSIC,1694923200,no,820,"2023-09-17"
ANGEL,1694836800,no,819,"2023-09-16"
EXERT,1694750400,no,818,"2023-09-15"
RAYON,1694664000,no,817,"2023-09-14"
CLEAR,1694577600,no,816,"2023-09-13"
WHISK,1694491200,no,815,"2023-09-12"
OLDER,1694404800,no,814,"2023-09-11"
QUOTE,1694318400,no,813,"2023-09-10"
LUCKY,1694232000,no,812,"2023-09-9"
ROUSE,1694145600,no,811,"2023-09-8"
DWELL,1694059200,no,810,"2023-09-7"
GNASH,1693972800,no,809,"2023-09-6"
BIRCH,1693886400,no,808,"2023-09-5"
GIDDY,1693800000,no,807,"2023-09-4"
AWAIT,1693713600,no,806,"2023-09-3"
ONION,1693627200,no,805,"2023-09-2"
SPACE,1693540800,no,804,"2023-09-1"
BRIDE,1693454400,no,803,"2023-08-31"
AUDIO,1693368000,no,802,"2023-08-30"
CAPER,1693281600,no,801,"2023-08-29"
WRITE,1693195200,no,800,"2023-08-28"
PEACE,1693108800,no,799,"2023-08-27"
CHOIR,1693022400,no,798,"2023-08-26"
OCEAN,1692936000,no,797,"2023-08-25"
WORDY,1692849600,no,796,"2023-08-24"
VERVE,1692763200,no,795,"2023-08-23"
SPICE,1692676800,no,794,"2023-08-22"
BEACH,1692590400,no,793,"2023-08-21"
QUEST,1692504000,no,792,"2023-08-20"
MAGMA,1692417600,no,791,"2023-08-19"
EXACT,1692331200,no,790,"2023-08-18"
AMISS,1692244800,no,789,"2023-08-17"
SCRUB,1692158400,no,788,"2023-08-16"
INDEX,1692072000,no,787,"2023-08-15"
SNAKY,1691985600,no,786,"2023-08-14"
WRATH,1691899200,no,785,"2023-08-13"
QUICK,1691812800,no,784,"2023-08-12"
HELLO,1691726400,no,783,"2023-08-11"
EMPTY,1691640000,no,782,"2023-08-10"
LOVER,1691553600,no,781,"2023-08-9"
BULLY,1691467200,no,780,"2023-08-8"
BROOK,1691380800,no,779,"2023-08-7"
POLYP,1691294400,no,778,"2023-08-6"
ANODE,1691208000,no,777,"2023-08-5"
CHART,1691121600,no,776,"2023-08-4"
PARTY,1691035200,no,775,"2023-08-3"
BEGET,1690948800,no,774,"2023-08-2"
TENTH,1690862400,no,773,"2023-08-1"
STYLE,1690776000,no,772,"2023-07-31"
BATHE,1690689600,no,771,"2023-07-30"
CURLY,1690603200,no,770,"2023-07-29"
ETHOS,1690516800,no,769,"2023-07-28"
DISCO,1690430400,no,768,"2023-07-27"
HEART,1690344000,no,767,"2023-07-26"
WHEEL,1690257600,no,766,"2023-07-25"
HOBBY,1690171200,no,765,"2023-07-24"
WHALE,1690084800,no,764,"2023-07-23"
FROZE,1689998400,no,763,"2023-07-22"
BURLY,1689912000,no,762,"2023-07-21"
FLANK,1689825600,no,761,"2023-07-20"
TONIC,1689739200,no,760,"2023-07-19"
FLYER,1689652800,no,759,"2023-07-18"
DROOP,1689566400,no,758,"2023-07-17"
TOPAZ,1689480000,no,757,"2023-07-16"
CRONE,1689393600,no,756,"2023-07-15"
FIEND,1689307200,no,755,"2023-07-14"
BARGE,1689220800,no,754,"2023-07-13"
WHIRL,1689134400,no,753,"2023-07-12"
EARTH,1689048000,no,752,"2023-07-11"
FOLLY,1688961600,no,751,"2023-07-10"
ENTER,1688875200,no,750,"2023-07-9"
COWER,1688788800,no,749,"2023-07-8"
DONUT,1688702400,no,748,"2023-07-7"
WINDY,1688616000,no,747,"2023-07-6"
VENOM,1688529600,no,746,"2023-07-5"
IRATE,1688443200,no,745,"2023-07-4"
HOTEL,1688356800,no,744,"2023-07-3"
MOSSY,1688270400,no,743,"2023-07-2"
BLEEP,1688184000,no,742,"2023-07-1"
STRAW,1688097600,no,741,"2023-06-30"
DINER,1688011200,no,740,"2023-06-29"
TRACT,1687924800,no,739,"2023-06-28"
ABOUT,1687838400,no,738,"2023-06-27"
GUEST,1687752000,no,737,"2023-06-26"
RODEO,1687665600,no,736,"2023-06-25"
GRAND,1687579200,no,735,"2023-06-24"
COVET,1687492800,no,734,"2023-06-23"
TASTE,1687406400,no,733,"2023-06-22"
CRANE,1687320000,no,732,"2023-06-21"
FROST,1687233600,no,731,"2023-06-20"
KAZOO,1687147200,no,730,"2023-06-19"
SHYLY,1687060800,no,729,"2023-06-18"
RANCH,1686974400,no,728,"2023-06-17"
STRAP,1686888000,no,727,"2023-06-16"
MAYBE,1686801600,no,726,"2023-06-15"
CRIME,1686715200,no,725,"2023-06-14"
PLUNK,1686628800,no,724,"2023-06-13"
WRONG,1686542400,no,723,"2023-06-12"
GUARD,1686456000,no,722,"2023-06-11"
AGAIN,1686369600,no,721,"2023-06-10"
BALSA,1686283200,no,720,"2023-06-9"
CRUMB,1686196800,no,719,"2023-06-8"
HATER,1686110400,no,718,"2023-06-7"
SCOUT,1686024000,no,717,"2023-06-6"
ENNUI,1685937600,no,716,"2023-06-5"
BEAST,1685851200,no,715,"2023-06-4"
NANNY,1685764800,no,714,"2023-06-3"
HUMID,1685678400,no,713,"2023-06-2"
JAZZY,1685592000,no,712,"2023-06-1"
AGILE,1685505600,no,711,"2023-05-31"
KNEEL,1685419200,no,710,"2023-05-30"
MOUSE,1685332800,no,709,"2023-05-29"
SKIMP,1685246400,no,708,"2023-05-28"
RAMEN,1685160000,no,707,"2023-05-27"
SWINE,1685073600,no,706,"2023-05-26"
BAGEL,1684987200,no,705,"2023-05-25"
UTTER,1684900800,no,704,"2023-05-24"
CLERK,1684814400,no,703,"2023-05-23"
IGLOO,1684728000,no,702,"2023-05-22"
BRASH,1684641600,no,701,"2023-05-21"
FLASK,1684555200,no,700,"2023-05-20"
GRIEF,1684468800,no,699,"2023-05-19"
SHORN,1684382400,no,698,"2023-05-18"
PLANK,1684296000,no,697,"2023-05-17"
LATTE,1684209600,no,696,"2023-05-16"
CANOE,1684123200,no,695,"2023-05-15"
SCARF,1684036800,no,694,"2023-05-14"
ACRID,1683950400,no,693,"2023-05-13"
SNACK,1683864000,no,692,"2023-05-12"
BROOM,1683777600,no,691,"2023-05-11"
ETHIC,1683691200,no,690,"2023-05-10"
COCOA,1683604800,no,689,"2023-05-9"
AGLOW,1683518400,no,688,"2023-05-8"
GHOUL,1683432000,no,687,"2023-05-7"
ANGER,1683345600,no,686,"2023-05-6"
BELOW,1683259200,no,685,"2023-05-5"
GUPPY,1683172800,no,684,"2023-05-4"
HORDE,1683086400,no,683,"2023-05-3"
SULKY,1683000000,no,682,"2023-05-2"
RANGE,1682913600,no,681,"2023-05-1"
PLAZA,1682827200,no,680,"2023-04-30"
CEDAR,1682740800,no,679,"2023-04-29"
CIRCA,1682654400,no,678,"2023-04-28"
LOGIC,1682568000,no,677,"2023-04-27"
METRO,1682481600,no,676,"2023-04-26"
JOKER,1682395200,no,675,"2023-04-25"
DITTO,1682308800,no,674,"2023-04-24"
UNZIP,1682222400,no,673,"2023-04-23"
BROKE,1682136000,no,672,"2023-04-22"
KAYAK,1682049600,no,671,"2023-04-21"
PLATE,1681963200,no,670,"2023-04-20"
THUMP,1681876800,no,669,"2023-04-19"
HOUND,1681790400,no,668,"2023-04-18"
WHIFF,1681704000,no,667,"2023-04-17"
DWELT,1681617600,no,666,"2023-04-16"
AGONY,1681531200,no,665,"2023-04-15"
THIEF,1681444800,no,664,"2023-04-14"
CARAT,1681358400,no,663,"2023-04-13"
BORAX,1681272000,no,662,"2023-04-12"
QUALM,1681185600,no,661,"2023-04-11"
UNDER,1681099200,no,660,"2023-04-10"
SNAFU,1681012800,no,659,"2023-04-9"
LEDGE,1680926400,no,658,"2023-04-8"
LOCUS,1680840000,no,657,"2023-04-7"
LEAFY,1680753600,no,656,"2023-04-6"
SMASH,1680667200,no,655,"2023-04-5"
RATIO,1680580800,no,654,"2023-04-4"
FLORA,1680494400,no,653,"2023-04-3"
STOCK,1680408000,no,652,"2023-04-2"
MARCH,1680321600,no,651,"2023-04-1"
EVERY,1680235200,no,650,"2023-03-31"
BREAD,1680148800,no,649,"2023-03-30"
BESET,1680062400,no,648,"2023-03-29"
HURRY,1679976000,no,647,"2023-03-28"
GUANO,1679889600,no,646,"2023-03-27"
UNTIE,1679803200,no,645,"2023-03-26"
VOTER,1679716800,no,644,"2023-03-25"
GROUT,1679630400,no,643,"2023-03-24"
STAID,1679544000,no,642,"2023-03-23"
DUVET,1679457600,no,641,"2023-03-22"
TOUGH,1679371200,no,640,"2023-03-21"
GLOVE,1679284800,no,639,"2023-03-20"
CREDO,1679198400,no,638,"2023-03-19"
YACHT,1679112000,no,637,"2023-03-18"
MEALY,1679025600,no,636,"2023-03-17"
CIDER,1678939200,no,635,"2023-03-16"
SWEEP,1678852800,no,634,"2023-03-15"
SURLY,1678766400,no,633,"2023-03-14"
BLAME,1678680000,no,632,"2023-03-13"
BIRTH,1678597200,no,631,"2023-03-12"
EMAIL,1678510800,no,630,"2023-03-11"
REVEL,1678424400,no,629,"2023-03-10"
WHERE,1678338000,no,628,"2023-03-9"
REGAL,1678251600,no,627,"2023-03-8"
HORSE,1678165200,no,626,"2023-03-7"
PINKY,1678078800,no,625,"2023-03-6"
TOXIC,1677992400,no,624,"2023-03-5"
TREND,1677906000,no,623,"2023-03-4"
SQUAT,1677819600,no,622,"2023-03-3"
ABOVE,1677733200,no,621,"2023-03-2"
MOOSE,1677646800,no,620,"2023-03-1"
POLKA,1677560400,no,619,"2023-02-28"
WORSE,1677474000,no,618,"2023-02-27"
SYRUP,1677387600,no,617,"2023-02-26"
FIFTY,1677301200,no,616,"2023-02-25"
ARBOR,1677214800,no,615,"2023-02-24"
VAGUE,1677128400,no,614,"2023-02-23"
RIPER,1677042000,no,613,"2023-02-22"
RUDDY,1676955600,no,612,"2023-02-21"
SWEAT,1676869200,no,611,"2023-02-20"
KIOSK,1676782800,no,610,"2023-02-19"
AVAIL,1676696400,no,609,"2023-02-18"
CACHE,1676610000,no,608,"2023-02-17"
MAGIC,1676523600,no,607,"2023-02-16"
SALSA,1676437200,no,606,"2023-02-15"
SOUND,1676350800,no,605,"2023-02-14"
USAGE,1676264400,no,604,"2023-02-13"
GIANT,1676178000,no,603,"2023-02-12"
DEBUG,1676091600,no,602,"2023-02-11"
HEADY,1676005200,no,601,"2023-02-10"
STAGE,1675918800,no,600,"2023-02-9"
FLAIL,1675832400,no,599,"2023-02-8"
APPLE,1675746000,no,598,"2023-02-7"
NINTH,1675659600,no,597,"2023-02-6"
DANCE,1675573200,no,596,"2023-02-5"
UNLIT,1675486800,no,595,"2023-02-4"
TASTY,1675400400,no,594,"2023-02-3"
SHIRK,1675314000,no,593,"2023-02-2"
SCOLD,1675227600,no,592,"2023-02-1"
CROSS,1675141200,no,591,"2023-01-31"
CRAVE,1675054800,no,590,"2023-01-30"
FISHY,1674968400,no,589,"2023-01-29"
FLIRT,1674882000,no,588,"2023-01-28"
WORRY,1674795600,no,587,"2023-01-27"
BEEFY,1674709200,no,586,"2023-01-26"
MAIZE,1674622800,no,585,"2023-01-25"
COUNT,1674536400,no,584,"2023-01-24"
ELUDE,1674450000,no,583,"2023-01-23"
MATEY,1674363600,no,582,"2023-01-22"
BLURB,1674277200,no,581,"2023-01-21"
ALTER,1674190800,no,580,"2023-01-20"
MUCKY,1674104400,no,579,"2023-01-19"
CHARD,1674018000,no,578,"2023-01-18"
ADOPT,1673931600,no,577,"2023-01-17"
FROCK,1673845200,no,576,"2023-01-16"
SPIRE,1673758800,no,575,"2023-01-15"
KOALA,1673672400,no,574,"2023-01-14"
HUMAN,1673586000,no,573,"2023-01-13"
LEAPT,1673499600,no,572,"2023-01-12"
SEDAN,1673413200,no,571,"2023-01-11"
GRIMY,1673326800,no,570,"2023-01-10"
PIXIE,1673240400,no,569,"2023-01-9"
OPERA,1673154000,no,568,"2023-01-8"
LEMON,1673067600,no,567,"2023-01-7"
BELIE,1672981200,no,566,"2023-01-6"
SLEEK,1672894800,no,565,"2023-01-5"
LAYER,1672808400,no,564,"2023-01-4"
ANTIC,1672722000,no,563,"2023-01-3"
SKIRT,1672635600,no,562,"2023-01-2"
WHINE,1672549200,no,561,"2023-01-1"
MANLY,1672462800,no,560,"2022-12-31"
MOLAR,1672376400,no,559,"2022-12-30"
HAVOC,1672290000,no,558,"2022-12-29"
IMPEL,1672203600,no,557,"2022-12-28"
CONDO,1672117200,no,556,"2022-12-27"
JUDGE,1672030800,no,555,"2022-12-26"
EXTRA,1671944400,no,554,"2022-12-25"
POISE,1671858000,no,553,"2022-12-24"
AORTA,1671771600,no,552,"2022-12-23"
EXCEL,1671685200,no,551,"2022-12-22"
LUNAR,1671598800,no,550,"2022-12-21"
THIRD,1671512400,no,549,"2022-12-20"
SLATE,1671426000,no,548,"2022-12-19"
TAPER,1671339600,no,547,"2022-12-18"
CHORD,1671253200,no,546,"2022-12-17"
PROBE,1671166800,no,545,"2022-12-16"
RIVAL,1671080400,no,544,"2022-12-15"
USUAL,1670994000,no,543,"2022-12-14"
SPOKE,1670907600,no,542,"2022-12-13"
APPLY,1670821200,no,541,"2022-12-12"
NAIVE,1670734800,no,540,"2022-12-11"
KNOCK,1670648400,no,539,"2022-12-10"
BRAID,1670562000,no,538,"2022-12-9"
INFER,1670475600,no,537,"2022-12-8"
JOUST,1670389200,no,536,"2022-12-7"
AMBER,1670302800,no,535,"2022-12-6"
WOKEN,1670216400,no,534,"2022-12-5"
ADORE,1670130000,no,533,"2022-12-4"
TORSO,1670043600,no,532,"2022-12-3"
CHAFE,1669957200,no,531,"2022-12-2"
EJECT,1669870800,no,530,"2022-12-1"
STUDY,1669784400,no,529,"2022-11-30"
UNDUE,1669698000,no,528,"2022-11-29"
TEPID,1669611600,no,527,"2022-11-28"
HAPPY,1669525200,no,526,"2022-11-27"
CLEAN,1669438800,no,525,"2022-11-26"
ITCHY,1669352400,no,524,"2022-11-25"
FEAST,1669266000,no,523,"2022-11-24"
DRIVE,1669179600,no,522,"2022-11-23"
PRIME,1669093200,no,521,"2022-11-22"
AXIOM,1669006800,no,520,"2022-11-21"
BRAVE,1668920400,no,519,"2022-11-20"
AVERT,1668834000,no,518,"2022-11-19"
GLYPH,1668747600,no,517,"2022-11-18"
THERE,1668661200,no,516,"2022-11-17"
BAKER,1668574800,no,515,"2022-11-16"
SNARL,1668488400,no,514,"2022-11-15"
MAPLE,1668402000,no,513,"2022-11-14"
INANE,1668315600,no,512,"2022-11-13"
VALET,1668229200,no,511,"2022-11-12"
MEDAL,1668142800,no,510,"2022-11-11"
UNITE,1668056400,no,509,"2022-11-10"
RAINY,1667970000,no,508,"2022-11-9"
SPELL,1667883600,no,507,"2022-11-8"
BEGIN,1667797200,no,506,"2022-11-7"
STALE,1667707200,no,505,"2022-11-6"
DREAM,1667620800,no,504,"2022-11-5"
PHOTO,1667534400,no,503,"2022-11-4"
ALOUD,1667448000,no,502,"2022-11-3"
INEPT,1667361600,no,501,"2022-11-2"
PINEY,1667275200,no,500,"2022-11-1"
APTLY,1667188800,no,499,"2022-10-31"
WALTZ,1667102400,no,498,"2022-10-30"
LIBEL,1667016000,no,497,"2022-10-29"
SNEAK,1666929600,no,496,"2022-10-28"
CARRY,1666843200,no,495,"2022-10-27"
FLOUT,1666756800,no,494,"2022-10-26"
FOGGY,1666670400,no,493,"2022-10-25"
FAULT,1666584000,no,492,"2022-10-24"
MUMMY,1666497600,no,491,"2022-10-23"
SPIEL,1666411200,no,490,"2022-10-22"
GROVE,1666324800,no,489,"2022-10-21"
DENIM,1666238400,no,488,"2022-10-20"
QUIRK,1666152000,no,487,"2022-10-19"
EXIST,1666065600,no,486,"2022-10-18"
STEIN,1665979200,no,485,"2022-10-17"
SPADE,1665892800,no,484,"2022-10-16"
CATCH,1665806400,no,483,"2022-10-15"
FLOOR,1665720000,no,482,"2022-10-14"
EQUAL,1665633600,no,481,"2022-10-13"
IONIC,1665547200,no,480,"2022-10-12"
VALID,1665460800,no,479,"2022-10-11"
ENJOY,1665374400,no,478,"2022-10-10"
HOWDY,1665288000,no,477,"2022-10-9"
VIGOR,1665201600,no,476,"2022-10-8"
DANDY,1665115200,no,475,"2022-10-7"
SLOTH,1665028800,no,474,"2022-10-6"
MARSH,1664942400,no,473,"2022-10-5"
BOUGH,1664856000,no,472,"2022-10-4"
STING,1664769600,no,471,"2022-10-3"
TWINE,1664683200,no,470,"2022-10-2"
LEAVE,1664596800,no,469,"2022-10-1"
SCORN,1664510400,no,468,"2022-09-30"
SCALD,1664424000,no,467,"2022-09-29"
USURP,1664337600,no,466,"2022-09-28"
SOGGY,1664251200,no,465,"2022-09-27"
BRISK,1664164800,no,464,"2022-09-26"
ADMIT,1664078400,no,463,"2022-09-25"
GRATE,1663992000,no,462,"2022-09-24"
GLORY,1663905600,no,461,"2022-09-23"
SAINT,1663819200,no,460,"2022-09-22"
RECAP,1663732800,no,459,"2022-09-21"
ALIKE,1663646400,no,458,"2022-09-20"
TRICE,1663560000,no,457,"2022-09-19"
STICK,1663473600,no,456,"2022-09-18"
CHUTE,1663387200,no,455,"2022-09-17"
PARER,1663300800,no,454,"2022-09-16"
DOUBT,1663214400,no,453,"2022-09-15"
THYME,1663128000,no,452,"2022-09-14"
ALPHA,1663041600,no,451,"2022-09-13"
BOOZE,1662955200,no,450,"2022-09-12"
TIBIA,1662868800,no,449,"2022-09-11"
LOFTY,1662782400,no,448,"2022-09-10"
THEME,1662696000,no,447,"2022-09-9"
CLASS,1662609600,no,446,"2022-09-8"
LEERY,1662523200,no,445,"2022-09-7"
TAUNT,1662436800,no,444,"2022-09-6"
WHOOP,1662350400,no,443,"2022-09-5"
INTER,1662264000,no,442,"2022-09-4"
GULLY,1662177600,no,441,"2022-09-3"
CHARM,1662091200,no,440,"2022-09-2"
FUNGI,1662004800,no,439,"2022-09-1"
PRIZE,1661918400,no,438,"2022-08-31"
ONSET,1661832000,no,437,"2022-08-30"
CHIEF,1661745600,no,436,"2022-08-29"
GAUZE,1661659200,no,435,"2022-08-28"
RUDER,1661572800,no,434,"2022-08-27"
IRONY,1661486400,no,433,"2022-08-26"
CLOWN,1661400000,no,432,"2022-08-25"
NEEDY,1661313600,no,431,"2022-08-24"
WOVEN,1661227200,no,430,"2022-08-23"
MERIT,1661140800,no,429,"2022-08-22"
WASTE,1661054400,no,428,"2022-08-21"
TREAT,1660968000,no,427,"2022-08-20"
SHRUG,1660881600,no,426,"2022-08-19"
TWANG,1660795200,no,425,"2022-08-18"
TWICE,1660708800,no,424,"2022-08-17"
GRUEL,1660622400,no,423,"2022-08-16"
POKER,1660536000,no,422,"2022-08-15"
KHAKI,1660449600,no,421,"2022-08-14"
HUNKY,1660363200,no,420,"2022-08-13"
LABEL,1660276800,no,419,"2022-08-12"
GLEAN,1660190400,no,418,"2022-08-11"
CLING,1660104000,no,417,"2022-08-10"
PATTY,1660017600,no,416,"2022-08-9"
UNFIT,1659931200,no,415,"2022-08-8"
SMEAR,1659844800,no,414,"2022-08-7"
ALIEN,1659758400,no,413,"2022-08-6"
BUGGY,1659672000,no,412,"2022-08-5"
RHYME,1659585600,no,411,"2022-08-4"
YOUTH,1659499200,no,410,"2022-08-3"
COYLY,1659412800,no,409,"2022-08-2"
QUART,1659326400,no,408,"2022-08-1"
CRAMP,1659240000,no,407,"2022-07-31"
BLUFF,1659153600,no,406,"2022-07-30"
UPSET,1659067200,no,405,"2022-07-29"
STOMP,1658980800,no,404,"2022-07-28"
MOTTO,1658894400,no,403,"2022-07-27"
CINCH,1658808000,no,402,"2022-07-26"
ELOPE,1658721600,no,401,"2022-07-25"
POWER,1658635200,no,400,"2022-07-24"
MIDGE,1658548800,no,399,"2022-07-23"
TRYST,1658462400,no,398,"2022-07-22"
APHID,1658376000,no,397,"2022-07-21"
TRITE,1658289600,no,396,"2022-07-20"
ANGRY,1658203200,no,395,"2022-07-19"
FLOCK,1658116800,no,394,"2022-07-18"
WACKY,1658030400,no,393,"2022-07-17"
ROOMY,1657944000,no,392,"2022-07-16"
WEDGE,1657857600,no,391,"2022-07-15"
LIVER,1657771200,no,390,"2022-07-14"
BLAND,1657684800,no,389,"2022-07-13"
NIGHT,1657598400,no,388,"2022-07-12"
MADAM,1657512000,no,387,"2022-07-11"
BERTH,1657425600,no,386,"2022-07-10"
STEAD,1657339200,no,385,"2022-07-9"
VOICE,1657252800,no,384,"2022-07-8"
AGAPE,1657166400,no,383,"2022-07-7"
FLUFF,1657080000,no,382,"2022-07-6"
FIELD,1656993600,no,381,"2022-07-5"
SEVER,1656907200,no,380,"2022-07-4"
LILAC,1656820800,no,379,"2022-07-3"
EGRET,1656734400,no,378,"2022-07-2"
PINTO,1656648000,no,377,"2022-07-1"
HUTCH,1656561600,no,376,"2022-06-30"
GAWKY,1656475200,no,375,"2022-06-29"
DROLL,1656388800,no,374,"2022-06-28"
RETRO,1656302400,no,373,"2022-06-27"
RUSTY,1656216000,no,372,"2022-06-26"
BEADY,1656129600,no,371,"2022-06-25"
SMITE,1656043200,no,370,"2022-06-24"
BRINK,1655956800,no,369,"2022-06-23"
AWFUL,1655870400,no,368,"2022-06-22"
GLOAT,1655784000,no,367,"2022-06-21"
INPUT,1655697600,no,366,"2022-06-20"
LOSER,1655611200,no,365,"2022-06-19"
CACAO,1655524800,no,364,"2022-06-18"
BLOWN,1655438400,no,363,"2022-06-17"
APRON,1655352000,no,362,"2022-06-16"
PRIMO,1655265600,no,361,"2022-06-15"
ATONE,1655179200,no,360,"2022-06-14"
DONOR,1655092800,no,359,"2022-06-13"
FLOAT,1655006400,no,358,"2022-06-12"
GOOSE,1654920000,no,357,"2022-06-11"
PIETY,1654833600,no,356,"2022-06-10"
GIRTH,1654747200,no,355,"2022-06-9"
TRAIT,1654660800,no,354,"2022-06-8"
FLOOD,1654574400,no,353,"2022-06-7"
GLOOM,1654488000,no,352,"2022-06-6"
DEPTH,1654401600,no,351,"2022-06-5"
FROTH,1654315200,no,350,"2022-06-4"
PHASE,1654228800,no,349,"2022-06-3"
SHOWY,1654142400,no,348,"2022-06-2"
CREAK,1654056000,no,347,"2022-06-1"
MANOR,1653969600,no,346,"2022-05-31"
ATOLL,1653883200,no,345,"2022-05-30"
BAYOU,1653796800,no,344,"2022-05-29"
CREPT,1653710400,no,343,"2022-05-28"
TIARA,1653624000,no,342,"2022-05-27"
ASSET,1653537600,no,341,"2022-05-26"
VOUCH,1653451200,no,340,"2022-05-25"
ALBUM,1653364800,no,339,"2022-05-24"
HINGE,1653278400,no,338,"2022-05-23"
MONEY,1653192000,no,337,"2022-05-22"
SCRAP,1653105600,no,336,"2022-05-21"
GAMER,1653019200,no,335,"2022-05-20"
GLASS,1652932800,no,334,"2022-05-19"
SCOUR,1652846400,no,333,"2022-05-18"
BEING,1652760000,no,332,"2022-05-17"
DELVE,1652673600,no,331,"2022-05-16"
YIELD,1652587200,no,330,"2022-05-15"
METAL,1652500800,no,329,"2022-05-14"
TIPSY,1652414400,no,328,"2022-05-13"
SLUNG,1652328000,no,327,"2022-05-12"
FARCE,1652241600,no,326,"2022-05-11"
GECKO,1652155200,no,325,"2022-05-10"
SHINE,1652068800,no,324,"2022-05-9"
CANNY,1651982400,no,323,"2022-05-8"
MIDST,1651896000,no,322,"2022-05-7"
BADGE,1651809600,no,321,"2022-05-6"
HOMER,1651723200,no,320,"2022-05-5"
TRAIN,1651636800,no,319,"2022-05-4"
HAIRY,1651550400,no,318,"2022-05-3"
STORY,1651464000,no,317,"2022-05-2"
FORGO,1651377600,no,316,"2022-05-1"
LARVA,1651291200,no,315,"2022-04-30"
TRASH,1651204800,no,314,"2022-04-29"
ZESTY,1651118400,no,313,"2022-04-28"
SHOWN,1651032000,no,312,"2022-04-27"
HEIST,1650945600,no,311,"2022-04-26"
ASKEW,1650859200,no,310,"2022-04-25"
INERT,1650772800,no,309,"2022-04-24"
OLIVE,1650686400,no,308,"2022-04-23"
PLANT,1650600000,no,307,"2022-04-22"
OXIDE,1650513600,no,306,"2022-04-21"
CARGO,1650427200,no,305,"2022-04-20"
FOYER,1650340800,no,304,"2022-04-19"
FLAIR,1650254400,no,303,"2022-04-18"
AMPLE,1650168000,no,302,"2022-04-17"
CHEEK,1650081600,no,301,"2022-04-16"
SHAME,1649995200,no,300,"2022-04-15"
MINCE,1649908800,no,299,"2022-04-14"
CHUNK,1649822400,no,298,"2022-04-13"
ROYAL,1649736000,no,297,"2022-04-12"
SQUAD,1649649600,no,296,"2022-04-11"
BLACK,1649563200,no,295,"2022-04-10"
STAIR,1649476800,no,294,"2022-04-9"
SCARE,1649390400,no,293,"2022-04-8"
FORAY,1649304000,no,292,"2022-04-7"
COMMA,1649217600,no,291,"2022-04-6"
NATAL,1649131200,no,290,"2022-04-5"
SHAWL,1649044800,no,289,"2022-04-4"
FEWER,1648958400,no,288,"2022-04-3"
TROPE,1648872000,no,287,"2022-04-2"
SNOUT,1648785600,no,286,"2022-04-1"
LOWLY,1648699200,no,285,"2022-03-31"
STOVE,1648612800,no,284,"2022-03-30"
SHALL,1648526400,no,283,"2022-03-29"
FOUND,1648440000,no,282,"2022-03-28"
NYMPH,1648353600,no,281,"2022-03-27"
EPOXY,1648267200,no,280,"2022-03-26"
DEPOT,1648180800,no,279,"2022-03-25"
CHEST,1648094400,no,278,"2022-03-24"
PURGE,1648008000,no,277,"2022-03-23"
SLOSH,1647921600,no,276,"2022-03-22"
THEIR,1647835200,no,275,"2022-03-21"
RENEW,1647748800,no,274,"2022-03-20"
ALLOW,1647662400,no,273,"2022-03-19"
SAUTE,1647576000,no,272,"2022-03-18"
MOVIE,1647489600,no,271,"2022-03-17"
CATER,1647403200,no,270,"2022-03-16"
TEASE,1647316800,no,269,"2022-03-15"
SMELT,1647230400,no,268,"2022-03-14"
FOCUS,1647147600,no,267,"2022-03-13"
TODAY,1647061200,no,266,"2022-03-12"
WATCH,1646974800,no,265,"2022-03-11"
LAPSE,1646888400,no,264,"2022-03-10"
MONTH,1646802000,no,263,"2022-03-9"
SWEET,1646715600,no,262,"2022-03-8"
HOARD,1646629200,no,261,"2022-03-7"
CLOTH,1646542800,no,260,"2022-03-6"
BRINE,1646456400,no,259,"2022-03-5"
AHEAD,1646370000,no,258,"2022-03-4"
MOURN,1646283600,no,257,"2022-03-3"
NASTY,1646197200,no,256,"2022-03-2"
RUPEE,1646110800,no,255,"2022-03-1"
CHOKE,1646024400,no,254,"2022-02-28"
CHANT,1645938000,no,253,"2022-02-27"
SPILL,1645851600,no,252,"2022-02-26"
VIVID,1645765200,no,251,"2022-02-25"
BLOKE,1645678800,no,250,"2022-02-24"
TROVE,1645592400,no,249,"2022-02-23"
THORN,1645506000,no,248,"2022-02-22"
OTHER,1645419600,no,247,"2022-02-21"
TACIT,1645333200,no,246,"2022-02-20"
SWILL,1645246800,no,245,"2022-02-19"
DODGE,1645160400,no,244,"2022-02-18"
SHAKE,1645074000,no,243,"2022-02-17"
CAULK,1644987600,no,242,"2022-02-16"
AROMA,1644901200,no,241,"2022-02-15"
CYNIC,1644814800,no,240,"2022-02-14"
ROBIN,1644728400,no,239,"2022-02-13"
ULTRA,1644642000,no,238,"2022-02-12"
ULCER,1644555600,no,237,"2022-02-11"
PAUSE,1644469200,no,236,"2022-02-10"
HUMOR,1644382800,no,235,"2022-02-9"
FRAME,1644296400,no,234,"2022-02-8"
ELDER,1644210000,no,233,"2022-02-7"
SKILL,1644123600,no,232,"2022-02-6"
ALOFT,1644037200,no,231,"2022-02-5"
PLEAT,1643950800,no,230,"2022-02-4"
SHARD,1643864400,no,229,"2022-02-3"
MOIST,1643778000,no,228,"2022-02-2"
THOSE,1643691600,no,227,"2022-02-1"
LIGHT,1643605200,no,226,"2022-01-31"
WRUNG,1643518800,no,225,"2022-01-30"
COULD,1643432400,no,224,"2022-01-29"
PERKY,1643346000,no,223,"2022-01-28"
MOUNT,1643259600,no,222,"2022-01-27"
WHACK,1643173200,no,221,"2022-01-26"
SUGAR,1643086800,no,220,"2022-01-25"
KNOLL,1643000400,no,219,"2022-01-24"
CRIMP,1642914000,no,218,"2022-01-23"
WINCE,1642827600,no,217,"2022-01-22"
PRICK,1642741200,no,216,"2022-01-21"
ROBOT,1642654800,no,215,"2022-01-20"
POINT,1642568400,no,214,"2022-01-19"
PROXY,1642482000,no,213,"2022-01-18"
SHIRE,1642395600,no,212,"2022-01-17"
SOLAR,1642309200,no,211,"2022-01-16"
PANIC,1642222800,no,210,"2022-01-15"
TANGY,1642136400,no,209,"2022-01-14"
ABBEY,1642050000,no,208,"2022-01-13"
FAVOR,1641963600,no,207,"2022-01-12"
DRINK,1641877200,no,206,"2022-01-11"
QUERY,1641790800,no,205,"2022-01-10"
GORGE,1641704400,no,204,"2022-01-9"
CRANK,1641618000,no,203,"2022-01-8"
SLUMP,1641531600,no,202,"2022-01-7"
BANAL,1641445200,no,201,"2022-01-6"
TIGER,1641358800,no,200,"2022-01-5"
SIEGE,1641272400,no,199,"2022-01-4"
TRUSS,1641186000,no,198,"2022-01-3"
BOOST,1641099600,no,197,"2022-01-2"
REBUS,1641013200,no,196,"2022-01-1"
UNIFY,1640926800,no,195,"2021-12-31"
TROLL,1640840400,no,194,"2021-12-30"
TAPIR,1640754000,no,193,"2021-12-29"
ASIDE,1640667600,no,192,"2021-12-28"
FERRY,1640581200,no,191,"2021-12-27"
ACUTE,1640494800,no,190,"2021-12-26"
PICKY,1640408400,no,189,"2021-12-25"
WEARY,1640322000,no,188,"2021-12-24"
GRIPE,1640235600,no,187,"2021-12-23"
CRAZE,1640149200,no,186,"2021-12-22"
PLUCK,1640062800,no,185,"2021-12-21"
BRAKE,1639976400,no,184,"2021-12-20"
BATON,1639890000,no,183,"2021-12-19"
CHAMP,1639803600,no,182,"2021-12-18"
PEACH,1639717200,no,181,"2021-12-17"
USING,1639630800,no,180,"2021-12-16"
TRACE,1639544400,no,179,"2021-12-15"
VITAL,1639458000,no,178,"2021-12-14"
SONIC,1639371600,no,177,"2021-12-13"
MASSE,1639285200,no,176,"2021-12-12"
CONIC,1639198800,no,175,"2021-12-11"
VIRAL,1639112400,no,174,"2021-12-10"
RHINO,1639026000,no,173,"2021-12-9"
BREAK,1638939600,no,172,"2021-12-8"
TRIAD,1638853200,no,171,"2021-12-7"
EPOCH,1638766800,no,170,"2021-12-6"
USHER,1638680400,no,169,"2021-12-5"
EXULT,1638594000,no,168,"2021-12-4"
GRIME,1638507600,no,167,"2021-12-3"
CHEAT,1638421200,no,166,"2021-12-2"
SOLVE,1638334800,no,165,"2021-12-1"
BRING,1638248400,no,164,"2021-11-30"
PROVE,1638162000,no,163,"2021-11-29"
STORE,1638075600,no,162,"2021-11-28"
TILDE,1637989200,no,161,"2021-11-27"
CLOCK,1637902800,no,160,"2021-11-26"
WROTE,1637816400,no,159,"2021-11-25"
RETCH,1637730000,no,158,"2021-11-24"
PERCH,1637643600,no,157,"2021-11-23"
ROUGE,1637557200,no,156,"2021-11-22"
RADIO,1637470800,no,155,"2021-11-21"
SURER,1637384400,no,154,"2021-11-20"
FINER,1637298000,no,153,"2021-11-19"
VODKA,1637211600,no,152,"2021-11-18"
HERON,1637125200,no,151,"2021-11-17"
CHILL,1637038800,no,150,"2021-11-16"
GAUDY,1636952400,no,149,"2021-11-15"
PITHY,1636866000,no,148,"2021-11-14"
SMART,1636779600,no,147,"2021-11-13"
BADLY,1636693200,no,146,"2021-11-12"
ROGUE,1636606800,no,145,"2021-11-11"
GROUP,1636520400,no,144,"2021-11-10"
FIXER,1636434000,no,143,"2021-11-9"
GROIN,1636347600,no,142,"2021-11-8"
DUCHY,1636257600,no,141,"2021-11-7"
COAST,1636171200,no,140,"2021-11-6"
BLURT,1636084800,no,139,"2021-11-5"
PULPY,1635998400,no,138,"2021-11-4"
ALTAR,1635912000,no,137,"2021-11-3"
GREAT,1635825600,no,136,"2021-11-2"
BRIAR,1635739200,no,135,"2021-11-1"
CLICK,1635652800,no,134,"2021-10-31"
GOUGE,1635566400,no,133,"2021-10-30"
WORLD,1635480000,no,132,"2021-10-29"
ERODE,1635393600,no,131,"2021-10-28"
BOOZY,1635307200,no,130,"2021-10-27"
DOZEN,1635220800,no,129,"2021-10-26"
FLING,1635134400,no,128,"2021-10-25"
GROWL,1635048000,no,127,"2021-10-24"
ABYSS,1634961600,no,126,"2021-10-23"
STEED,1634875200,no,125,"2021-10-22"
ENEMA,1634788800,no,124,"2021-10-21"
JAUNT,1634702400,no,123,"2021-10-20"
COMET,1634616000,no,122,"2021-10-19"
TWEED,1634529600,no,121,"2021-10-18"
PILOT,1634443200,no,120,"2021-10-17"
DUTCH,1634356800,no,119,"2021-10-16"
BELCH,1634270400,no,118,"2021-10-15"
OUGHT,1634184000,no,117,"2021-10-14"
DOWRY,1634097600,no,116,"2021-10-13"
THUMB,1634011200,no,115,"2021-10-12"
HYPER,1633924800,no,114,"2021-10-11"
HATCH,1633838400,no,113,"2021-10-10"
ALONE,1633752000,no,112,"2021-10-9"
MOTOR,1633665600,no,111,"2021-10-8"
ABACK,1633579200,no,110,"2021-10-7"
GUILD,1633492800,no,109,"2021-10-6"
KEBAB,1633406400,no,108,"2021-10-5"
SPEND,1633320000,no,107,"2021-10-4"
FJORD,1633233600,no,106,"2021-10-3"
ESSAY,1633147200,no,105,"2021-10-2"
SPRAY,1633060800,no,104,"2021-10-1"
SPICY,1632974400,no,103,"2021-09-30"
AGATE,1632888000,no,102,"2021-09-29"
SALAD,1632801600,no,101,"2021-09-28"
BASIC,1632715200,no,100,"2021-09-27"
MOULT,1632628800,no,99,"2021-09-26"
CORNY,1632542400,no,98,"2021-09-25"
FORGE,1632456000,no,97,"2021-09-24"
CIVIC,1632369600,no,96,"2021-09-23"
ISLET,1632283200,no,95,"2021-09-22"
LABOR,1632196800,no,94,"2021-09-21"
GAMMA,1632110400,no,93,"2021-09-20"
LYING,1632024000,no,92,"2021-09-19"
AUDIT,1631937600,no,91,"2021-09-18"
ROUND,1631851200,no,90,"2021-09-17"
LOOPY,1631764800,no,89,"2021-09-16"
LUSTY,1631678400,no,88,"2021-09-15"
GOLEM,1631592000,no,87,"2021-09-14"
GONER,1631505600,no,86,"2021-09-13"
GREET,1631419200,no,85,"2021-09-12"
START,1631332800,no,84,"2021-09-11"
LAPEL,1631246400,no,83,"2021-09-10"
BIOME,1631160000,no,82,"2021-09-9"
PARRY,1631073600,no,81,"2021-09-8"
SHRUB,1630987200,no,80,"2021-09-7"
FRONT,1630900800,no,79,"2021-09-6"
WOOER,1630814400,no,78,"2021-09-5"
TOTEM,1630728000,no,77,"2021-09-4"
FLICK,1630641600,no,76,"2021-09-3"
DELTA,1630555200,no,75,"2021-09-2"
BLEED,1630468800,no,74,"2021-09-1"
ARGUE,1630382400,no,73,"2021-08-31"
SWIRL,1630296000,no,72,"2021-08-30"
ERROR,1630209600,no,71,"2021-08-29"
AGREE,1630123200,no,70,"2021-08-28"
OFFAL,1630036800,no,69,"2021-08-27"
FLUME,1629950400,no,68,"2021-08-26"
CRASS,1629864000,no,67,"2021-08-25"
PANEL,1629777600,no,66,"2021-08-24"
STOUT,1629691200,no,65,"2021-08-23"
BRIBE,1629604800,no,64,"2021-08-22"
DRAIN,1629518400,no,63,"2021-08-21"
YEARN,1629432000,no,62,"2021-08-20"
PRINT,1629345600,no,61,"2021-08-19"
SEEDY,1629259200,no,60,"2021-08-18"
IVORY,1629172800,no,59,"2021-08-17"
BELLY,1629086400,no,58,"2021-08-16"
STAND,1629000000,no,57,"2021-08-15"
FIRST,1628913600,no,56,"2021-08-14"
FORTH,1628827200,no,55,"2021-08-13"
BOOBY,1628740800,no,54,"2021-08-12"
FLESH,1628654400,no,53,"2021-08-11"
UNMET,1628568000,no,52,"2021-08-10"
LINEN,1628481600,no,51,"2021-08-9"
MAXIM,1628395200,no,50,"2021-08-8"
POUND,1628308800,no,49,"2021-08-7"
MIMIC,1628222400,no,48,"2021-08-6"
SPIKE,1628136000,no,47,"2021-08-5"
CLUCK,1628049600,no,46,"2021-08-4"
CRATE,1627963200,no,45,"2021-08-3"
DIGIT,1627876800,no,44,"2021-08-2"
REPAY,1627790400,no,43,"2021-08-1"
SOWER,1627704000,no,42,"2021-07-31"
CRAZY,1627617600,no,41,"2021-07-30"
ADOBE,1627531200,no,40,"2021-07-29"
OUTDO,1627444800,no,39,"2021-07-28"
TRAWL,1627358400,no,38,"2021-07-27"
WHELP,1627272000,no,37,"2021-07-26"
UNFED,1627185600,no,36,"2021-07-25"
PAPER,1627099200,no,35,"2021-07-24"
STAFF,1627012800,no,34,"2021-07-23"
CROAK,1626926400,no,33,"2021-07-22"
HELIX,1626840000,no,32,"2021-07-21"
FLOSS,1626753600,no,31,"2021-07-20"
PRIDE,1626667200,no,30,"2021-07-19"
BATTY,1626580800,no,29,"2021-07-18"
REACT,1626494400,no,28,"2021-07-17"
MARRY,1626408000,no,27,"2021-07-16"
ABASE,1626321600,no,26,"2021-07-15"
COLON,1626235200,no,25,"2021-07-14"
STOOL,1626148800,no,24,"2021-07-13"
CRUST,1626062400,no,23,"2021-07-12"
FRESH,1625976000,no,22,"2021-07-11"
DEATH,1625889600,no,21,"2021-07-10"
MAJOR,1625803200,no,20,"2021-07-9"
FEIGN,1625716800,no,19,"2021-07-8"
ABATE,1625630400,no,18,"2021-07-7"
BENCH,1625544000,no,17,"2021-07-6"
QUIET,1625457600,no,16,"2021-07-5"
GRADE,1625371200,no,15,"2021-07-4"
STINK,1625284800,no,14,"2021-07-3"
KARMA,1625198400,no,13,"2021-07-2"
MODEL,1625112000,no,12,"2021-07-1"
DWARF,1625025600,no,11,"2021-06-30"
HEATH,1624939200,no,10,"2021-06-29"
SERVE,1624852800,no,9,"2021-06-28"
NAVAL,1624766400,no,8,"2021-06-27"
EVADE,1624680000,no,7,"2021-06-26"
FOCAL,1624593600,no,6,"2021-06-25"
BLUSH,1624507200,no,5,"2021-06-24"
AWAKE,1624420800,no,4,"2021-06-23"
HUMPH,1624334400,no,3,"2021-06-22"
SISSY,1624248000,no,2,"2021-06-21"
REBUT,1624161600,no,1,"2021-06-20"
CIGAR,1624075200,no,0,"2021-06-19"
HAVEN,1760760000,,1582,"2025-10-18"
IDEAL,1760846400,,1583,"2025-10-19"
LIMBO,1760932800,,1584,"2025-10-20"
DETOX,1761019200,,1585,"2025-10-21"
